dataset,method,k,n_systems,n_items,utterance_mse,equal_system_mse,system_srcc
brspeech,gate,1,6,1942,1.400092987203348,1.3174227665142304,0.6
brspeech,gate,2,6,1942,1.3939545230194963,1.1650602199486775,0.6571428571428573
brspeech,gate,3,6,1942,1.3704919127214155,1.1500060015393108,0.6571428571428573
brspeech,gate,4,6,1942,1.5544763339898473,1.3594489141668955,0.6
brspeech,gate,5,6,1942,1.4949363723770268,1.2943603229407208,0.6
brspeech,gate,6,6,1942,1.492205296964442,1.290907012432169,0.6
brspeech,gate,7,6,1942,1.4923502259322887,1.2910877982801787,0.6
brspeech,gate,8,6,1942,1.4920892990027868,1.2907643428117064,0.6
brspeech,gate,9,6,1942,1.4922002895135396,1.2909021525104654,0.6
brspeech,gate,10,6,1942,1.4920918349062005,1.2907651383062537,0.6
brspeech,inner_search,1,6,1942,1.7376943942461625,1.5431878947777102,0.6571428571428573
brspeech,inner_search,2,6,1942,1.3939545230194963,1.1650602199486775,0.6571428571428573
brspeech,inner_search,3,6,1942,1.5312991689985984,1.353318300816843,0.6
brspeech,inner_search,4,6,1942,1.553485258813059,1.3601056620591159,0.6
brspeech,inner_search,5,6,1942,1.494936705943059,1.2943606345556828,0.6
brspeech,inner_search,6,6,1942,1.4922023443752543,1.2909037557205016,0.6
brspeech,inner_search,7,6,1942,1.4922011232915324,1.290902578145154,0.6
brspeech,inner_search,8,6,1942,1.4921955785849819,1.2908948340838298,0.6
brspeech,inner_search,9,6,1942,1.4922006321333836,1.2909026625836963,0.6
brspeech,inner_search,10,6,1942,1.4920918349062005,1.2907651383062537,0.6
brspeech,shapley,1,6,1942,1.400092987203348,1.3174227665142304,0.6
brspeech,shapley,2,6,1942,1.3939545230194963,1.1650602199486775,0.6571428571428573
brspeech,shapley,3,6,1942,1.4097725721970187,1.1742971402105662,0.6571428571428573
brspeech,shapley,4,6,1942,1.374800680165453,1.1589518112481472,0.6571428571428573
brspeech,shapley,5,6,1942,1.3740101119220791,1.15854388493833,0.6571428571428573
brspeech,shapley,6,6,1942,1.4606778647437912,1.2836447722013562,0.6
brspeech,shapley,7,6,1942,1.459491397920875,1.2786016410816285,0.6
brspeech,shapley,8,6,1942,1.4547970757869264,1.2675213210650904,0.6
brspeech,shapley,9,6,1942,1.4920127040800568,1.2906621284447644,0.6
brspeech,shapley,10,6,1942,1.4920918349062005,1.2907651383062537,0.6
brspeech,singleton,1,6,1942,1.7376943942461625,1.5431878947777102,0.6571428571428573
brspeech,singleton,2,6,1942,1.400897521131348,1.187793427225127,0.6571428571428573
brspeech,singleton,3,6,1942,1.4214087470556884,1.1890090227467225,0.6571428571428573
brspeech,singleton,4,6,1942,1.430387808984454,1.2003614564575311,0.6571428571428573
brspeech,singleton,5,6,1942,1.377935248240324,1.1668878302366659,0.6571428571428573
brspeech,singleton,6,6,1942,1.3727857235022463,1.1575114742813661,0.6571428571428573
brspeech,singleton,7,6,1942,1.459491397920875,1.2786016410816285,0.6
brspeech,singleton,8,6,1942,1.4547970757869264,1.2675213210650904,0.6
brspeech,singleton,9,6,1942,1.4920127040800568,1.2906621284447644,0.6
brspeech,singleton,10,6,1942,1.4920918349062005,1.2907651383062537,0.6
bvcc,gate,1,175,4974,0.3395465481855425,0.3337844766854996,0.918004136826639
bvcc,gate,2,175,4974,0.28514088587624226,0.282030877960194,0.9264960996904286
bvcc,gate,3,175,4974,0.26168183477358664,0.25963031849385115,0.9392513973710027
bvcc,gate,4,175,4974,0.2523064272880961,0.24987021255375794,0.9404247101041934
bvcc,gate,5,175,4974,0.250662220816576,0.24784135601216836,0.937986279633879
bvcc,gate,6,175,4974,0.24981576036120665,0.24698064522752555,0.938724078384998
bvcc,gate,7,175,4974,0.24981613527366003,0.2469809647382874,0.938724078384998
bvcc,gate,8,175,4974,0.24981611863950073,0.246980885838669,0.938724078384998
bvcc,gate,9,175,4974,0.2498161465567396,0.24698091568812183,0.938724078384998
bvcc,gate,10,175,4974,0.24981577139941935,0.24698059682027837,0.938724078384998
bvcc,inner_search,1,175,4974,0.3395465481855425,0.3337844766854996,0.918004136826639
bvcc,inner_search,2,175,4974,0.28094780841341593,0.2777098794290392,0.9307314451767458
bvcc,inner_search,3,175,4974,0.2605977856557898,0.2586685374998744,0.939166309806382
bvcc,inner_search,4,175,4974,0.2523064272880961,0.24987021255375794,0.9404247101041934
bvcc,inner_search,5,175,4974,0.250662220816576,0.24784135601216836,0.937986279633879
bvcc,inner_search,6,175,4974,0.24981576036120665,0.24698064522752555,0.938724078384998
bvcc,inner_search,7,175,4974,0.24981587866102833,0.246980731888107,0.938724078384998
bvcc,inner_search,8,175,4974,0.24981573164791582,0.24698055805332061,0.938724078384998
bvcc,inner_search,9,175,4974,0.2498158781603749,0.24698071616242356,0.938724078384998
bvcc,inner_search,10,175,4974,0.24981577139941935,0.24698059682027837,0.938724078384998
bvcc,shapley,1,175,4974,0.3395465481855425,0.3337844766854996,0.918004136826639
bvcc,shapley,2,175,4974,0.29571521378257676,0.2918112180570653,0.9297898840998245
bvcc,shapley,3,175,4974,0.26588756623657256,0.26341951980918704,0.9357448940500549
bvcc,shapley,4,175,4974,0.2540927492779674,0.2514511171651935,0.9396354109850145
bvcc,shapley,5,175,4974,0.25035559218716863,0.24757151489445944,0.9374533627817809
bvcc,shapley,6,175,4974,0.24981576036120665,0.24698064522752555,0.938724078384998
bvcc,shapley,7,175,4974,0.24981594180761,0.2469807391781436,0.938724078384998
bvcc,shapley,8,175,4974,0.24981574236409482,0.24698056677694874,0.938724078384998
bvcc,shapley,9,175,4974,0.2498157095946521,0.24698054643332634,0.938724078384998
bvcc,shapley,10,175,4974,0.24981577139941935,0.24698059682027837,0.938724078384998
bvcc,singleton,1,175,4974,0.3395465481855425,0.3337844766854996,0.918004136826639
bvcc,singleton,2,175,4974,0.2901204758123584,0.2863647492297808,0.9344864937522436
bvcc,singleton,3,175,4974,0.2737099365549603,0.26995690903352454,0.9298839282501948
bvcc,singleton,4,175,4974,0.2579231800141576,0.2550309667299442,0.9378127457849817
bvcc,singleton,5,175,4974,0.25035559218716863,0.24757151489445944,0.9374533627817809
bvcc,singleton,6,175,4974,0.24981576036120665,0.24698064522752555,0.938724078384998
bvcc,singleton,7,175,4974,0.24981594180761,0.2469807391781436,0.938724078384998
bvcc,singleton,8,175,4974,0.24981574236409482,0.24698056677694874,0.938724078384998
bvcc,singleton,9,175,4974,0.2498157095946521,0.24698054643332634,0.938724078384998
bvcc,singleton,10,175,4974,0.24981577139941935,0.24698059682027837,0.938724078384998
singmos,gate,1,31,2000,0.4759053625501006,0.47821572123295536,0.7286290322580645
singmos,gate,2,31,2000,0.41663755849894724,0.4178967112170672,0.8508064516129032
singmos,gate,3,31,2000,0.3860107546499936,0.38691393875091745,0.8536290322580645
singmos,gate,4,31,2000,0.37890514794747115,0.379985702096262,0.8629032258064516
singmos,gate,5,31,2000,0.3734161119973403,0.3743781173803328,0.8786290322580645
singmos,gate,6,31,2000,0.37537680832855863,0.3763117864913525,0.8814516129032259
singmos,gate,7,31,2000,0.37335558090666415,0.37420304287174194,0.8770161290322582
singmos,gate,8,31,2000,0.37358506523130164,0.3744207218412337,0.8770161290322582
singmos,gate,9,31,2000,0.3735845500178934,0.3744203201510199,0.8770161290322582
singmos,gate,10,31,2000,0.3735846654377961,0.37442043093712013,0.8770161290322582
singmos,inner_search,1,31,2000,0.4657974353976782,0.4688520504175434,0.828225806451613
singmos,inner_search,2,31,2000,0.40325820808339197,0.4041666745291855,0.8838709677419355
singmos,inner_search,3,31,2000,0.39032068633066885,0.3915174342307208,0.8818548387096775
singmos,inner_search,4,31,2000,0.37796439502372475,0.37913948282667864,0.8681451612903227
singmos,inner_search,5,31,2000,0.37273680965486267,0.3737868455836103,0.8741935483870968
singmos,inner_search,6,31,2000,0.37401145191642465,0.3749603465236619,0.8737903225806453
singmos,inner_search,7,31,2000,0.37335558090666415,0.37420304287174194,0.8770161290322582
singmos,inner_search,8,31,2000,0.37358506523130164,0.3744207218412337,0.8770161290322582
singmos,inner_search,9,31,2000,0.37358566036398033,0.3744213988021685,0.8770161290322582
singmos,inner_search,10,31,2000,0.3735846654377961,0.37442043093712013,0.8770161290322582
singmos,shapley,1,31,2000,0.46620479666841236,0.46919565470843033,0.8161290322580647
singmos,shapley,2,31,2000,0.40325820808339197,0.4041666745291855,0.8838709677419355
singmos,shapley,3,31,2000,0.3860107546499936,0.38691393875091745,0.8536290322580645
singmos,shapley,4,31,2000,0.3808527073276275,0.38175968155058726,0.8596774193548388
singmos,shapley,5,31,2000,0.38013183706725356,0.3811638953477542,0.8681451612903227
singmos,shapley,6,31,2000,0.3785282758304569,0.37952413137862206,0.867741935483871
singmos,shapley,7,31,2000,0.379056190488884,0.38004470976526195,0.8701612903225808
singmos,shapley,8,31,2000,0.37783144571108956,0.3787161453255431,0.8733870967741937
singmos,shapley,9,31,2000,0.375883021006626,0.3767952315404737,0.8717741935483871
singmos,shapley,10,31,2000,0.3735846654377961,0.37442043093712013,0.8770161290322582
singmos,singleton,1,31,2000,0.4657974353976782,0.4688520504175434,0.828225806451613
singmos,singleton,2,31,2000,0.4089690348057481,0.41051732517107514,0.833467741935484
singmos,singleton,3,31,2000,0.383268573334924,0.38412179209374137,0.8592741935483872
singmos,singleton,4,31,2000,0.3836290403478275,0.38443446050621694,0.8580645161290325
singmos,singleton,5,31,2000,0.38094256296759027,0.3818553280677663,0.8600806451612903
singmos,singleton,6,31,2000,0.3802757063707619,0.381308655322525,0.8681451612903227
singmos,singleton,7,31,2000,0.37852824647415606,0.3795240976749097,0.867741935483871
singmos,singleton,8,31,2000,0.37873486310393967,0.3796348334870265,0.8689516129032258
singmos,singleton,9,31,2000,0.3760269733996721,0.37695989616612613,0.8758064516129034
singmos,singleton,10,31,2000,0.3735846654377961,0.37442043093712013,0.8770161290322582
tmhintqi,gate,1,98,11644,1.002863235493492,0.9924156566387691,0.9484948851965807
tmhintqi,gate,2,98,11644,0.9601467806782712,0.9349619952218973,0.9587595673580817
tmhintqi,gate,3,98,11644,0.9348236317313764,0.9136557348705021,0.9595883926257804
tmhintqi,gate,4,98,11644,0.913515989271844,0.9014831577179857,0.9642489408618409
tmhintqi,gate,5,98,11644,0.9005134680650954,0.8974091663435028,0.9641086781242303
tmhintqi,gate,6,98,11644,0.9000016244582778,0.8964147548157706,0.9657727042386102
tmhintqi,gate,7,98,11644,0.9003614494871377,0.8965635726048616,0.96593846929215
tmhintqi,gate,8,98,11644,0.9003625843369925,0.8965646749886749,0.9659257181341854
tmhintqi,gate,9,98,11644,0.9003619148620793,0.8965639826901443,0.9659257181341854
tmhintqi,gate,10,98,11644,0.900363626006761,0.8965654706249704,0.9659257181341854
tmhintqi,inner_search,1,98,11644,0.9873127417769059,0.9764789055331277,0.9451859597047676
tmhintqi,inner_search,2,98,11644,0.9599613195265952,0.9345086125735922,0.9472070182421563
tmhintqi,inner_search,3,98,11644,0.923365779964041,0.9105103381316842,0.959065595149232
tmhintqi,inner_search,4,98,11644,0.913515989271844,0.9014831577179857,0.9642489408618409
tmhintqi,inner_search,5,98,11644,0.9106928175660066,0.8997551496333679,0.9644274570733451
tmhintqi,inner_search,6,98,11644,0.9000016244582778,0.8964147548157706,0.9657727042386102
tmhintqi,inner_search,7,98,11644,0.9003611100280512,0.8965631766439638,0.96593846929215
tmhintqi,inner_search,8,98,11644,0.9003609316117088,0.8965629144462323,0.96593846929215
tmhintqi,inner_search,9,98,11644,0.9003617534560473,0.8965637700093181,0.9659257181341854
tmhintqi,inner_search,10,98,11644,0.900363626006761,0.8965654706249704,0.9659257181341854
tmhintqi,shapley,1,98,11644,0.9873127417769059,0.9764789055331277,0.9451859597047676
tmhintqi,shapley,2,98,11644,0.91743519315053,0.9266605516328917,0.9587595673580817
tmhintqi,shapley,3,98,11644,0.9159327018692124,0.913043085160417,0.9585300465147188
tmhintqi,shapley,4,98,11644,0.9028755254153379,0.9010171234452721,0.9618325964275497
tmhintqi,shapley,5,98,11644,0.9012432222916058,0.8979279559256843,0.96371976780631
tmhintqi,shapley,6,98,11644,0.9000016244582778,0.8964147548157706,0.9657727042386102
tmhintqi,shapley,7,98,11644,0.9003626529207106,0.8965648203394081,0.9659257181341854
tmhintqi,shapley,8,98,11644,0.9003633736747085,0.8965653383722825,0.9659257181341854
tmhintqi,shapley,9,98,11644,0.900362980699799,0.896564841280916,0.9659257181341854
tmhintqi,shapley,10,98,11644,0.900363626006761,0.8965654706249704,0.9659257181341854
tmhintqi,singleton,1,98,11644,0.9873127417769059,0.9764789055331277,0.9451859597047676
tmhintqi,singleton,2,98,11644,0.9166210276471755,0.9256785439701516,0.9520715850056503
tmhintqi,singleton,3,98,11644,0.9187224737135596,0.9159802370916781,0.953282945012287
tmhintqi,singleton,4,98,11644,0.9028755254153379,0.9010171234452721,0.9618325964275497
tmhintqi,singleton,5,98,11644,0.9015112856480871,0.8990735360555269,0.960665865473789
tmhintqi,singleton,6,98,11644,0.9001834043997805,0.8976233701053167,0.963464744647018
tmhintqi,singleton,7,98,11644,0.9003626529207106,0.8965648203394081,0.9659257181341854
tmhintqi,singleton,8,98,11644,0.9003633736747085,0.8965653383722825,0.9659257181341854
tmhintqi,singleton,9,98,11644,0.900362980699799,0.896564841280916,0.9659257181341854
tmhintqi,singleton,10,98,11644,0.900363626006761,0.8965654706249704,0.9659257181341854
