dataset,feature,relative_mse_tolerance,extreme,solver_success,weight,mse_threshold,loss,loss_active,n_active_lower_bounds,primal_residual,stationarity_residual,complementarity_residual,dual_fit_cost
brspeech,whisper,0.001,min,1,0.0049252328764054516,1.0110158898826718,1.0110158898826718,1,6,0.0,1.1401279920164598e-09,5.367078273268328e-16,9.886108013535985e-19
brspeech,whisper,0.001,max,1,0.05467588732639618,1.0110158898826718,1.0110158898826744,1,6,2.6645352591003757e-15,9.290118896387867e-09,3.2812277524375194e-14,6.518502105548868e-17
brspeech,contentvec12,0.001,min,1,0.12254529424207174,1.0110158898826718,1.0110158898826724,1,6,6.661338147750939e-16,2.0528432287392206e-08,1.0118458268089483e-14,3.1667780161165294e-16
brspeech,contentvec12,0.001,max,1,0.18391255837900797,1.0110158898826718,1.0110158898828723,1,6,2.0050627824730327e-13,2.1115324599918495e-07,3.045655707618552e-12,3.392681541710812e-14
brspeech,wavlm,0.001,min,1,0.268476079511715,1.0110158898826718,1.011015889882676,1,6,4.218847493575595e-15,1.5300329891942965e-09,7.019299264238307e-14,2.3294205542602652e-18
brspeech,wavlm,0.001,max,1,0.33569380731328297,1.0110158898826718,1.011015889882673,1,6,1.3322676295501878e-15,3.044469565338659e-09,2.216620819613755e-14,8.180508786573341e-18
brspeech,beats,0.001,min,1,0.0,1.0110158898826718,1.0100058839986732,0,6,0.0,4.695012019230764e-06,2.0611574841670155e-21,7.935529629859683e-11
brspeech,beats,0.001,max,1,0.0018969470158207032,1.0110158898826718,1.0110158898826727,1,5,8.881784197001252e-16,8.923004557459535e-10,1.6532941958433013e-15,6.261380609841249e-19
brspeech,auditory_erb,0.001,min,1,0.0,1.0110158898826718,1.0100058839986732,0,6,0.0,4.69501201923076e-06,2.0611574841670125e-21,7.935529629859662e-11
brspeech,auditory_erb,0.001,max,1,0.0008759486906927052,1.0110158898826718,1.011015889883122,1,5,4.503064587879635e-13,2.3357991096872865e-09,3.891379728383141e-13,7.224820281246628e-18
brspeech,speaker,0.001,min,1,0.0,1.0110158898826718,1.0100058839986732,0,6,0.0,4.695012019230767e-06,2.061157484167017e-21,7.93552962985969e-11
brspeech,speaker,0.001,max,1,0.020742785998497305,1.0110158898826718,1.011015889882685,1,5,1.3322676295501878e-14,2.617382754976916e-07,2.1943384737990744e-13,6.645233220683698e-14
brspeech,rmvpe_cont,0.001,min,1,1.0752041679566011e-16,1.0110158898826718,1.0100058839986732,0,6,0.0,4.69501201923077e-06,1.0752092160530928e-16,7.935529629859699e-11
brspeech,rmvpe_cont,0.001,max,1,0.0068828571072144466,1.0110158898826718,1.0110158898830743,1,5,4.0256686872908176e-13,2.77715613172802e-07,2.6803944712618345e-12,8.214239265820176e-14
brspeech,rmvpe_quant,0.001,min,1,2.4389447492650103e-16,1.0110158898826718,1.0100058839986732,0,6,0.0,4.695012019230766e-06,2.438956200139922e-16,7.935529629859684e-11
brspeech,rmvpe_quant,0.001,max,1,0.0016577100722571755,1.0110158898826718,1.0110158898826769,1,5,5.10702591327572e-15,2.4401505260840395e-09,8.32479301688665e-15,4.558886106456804e-18
brspeech,ced,0.001,min,1,1.67055960525666e-16,1.0110158898826718,1.0100058839986732,0,6,0.0,4.695012019230762e-06,1.6705674485540854e-16,7.935529629859674e-11
brspeech,ced,0.001,max,1,0.015735635718978885,1.0110158898826718,1.0110158898828305,1,5,1.5876189252139739e-13,5.503790561078858e-07,2.1139722003279737e-12,2.4934928399997304e-13
brspeech,egemaps,0.001,min,1,0.4789970680417125,1.0110158898826718,1.011015889882674,1,5,2.220446049250313e-15,8.500222747898079e-10,4.3424415422836e-14,9.82679753914168e-19
brspeech,egemaps,0.001,max,1,0.5502711476850562,1.0110158898826718,1.0110158898826813,1,6,9.547918011776346e-15,1.1596057447604835e-11,1.6725575474200603e-13,1.1473235288478916e-22
brspeech,whisper,0.005,min,1,9.581166739515142e-16,1.0150559134186665,1.0150559134186659,1,1,0.0,1.0412943037100067e-16,9.58116673951514e-16,2.0117038553589217e-32
brspeech,whisper,0.005,max,1,0.0854234827389924,1.0150559134186665,1.0150559134186707,1,6,4.218847493575595e-15,1.3771461304656896e-08,2.3233986058326168e-14,1.6173914108619076e-16
brspeech,contentvec12,0.005,min,1,0.08461823921080736,1.0150559134186665,1.0150559134186674,1,6,8.881784197001252e-16,1.1525834509029664e-08,6.033482807285844e-15,1.2269288779167254e-16
brspeech,contentvec12,0.005,max,1,0.22183961340724348,1.0150559134186665,1.0150559134186692,1,6,2.6645352591003757e-15,5.77092151843317e-09,1.8100448547121607e-14,2.951815282131416e-17
brspeech,wavlm,0.005,min,1,0.2269332390838072,1.0150559134186665,1.0150559134186787,1,6,1.2212453270876722e-14,9.383782639815763e-11,9.086943866900007e-14,7.136697227430962e-21
brspeech,wavlm,0.005,max,1,0.377236647741113,1.0150559134186665,1.0150559134186667,1,6,2.220446049250313e-16,1.0831708863179301e-09,1.6521716125184803e-15,8.863087460233272e-19
brspeech,beats,0.005,min,1,0.0,1.0150559134186665,1.0100058839986732,0,6,0.0,4.695012019230764e-06,2.0611574841670155e-21,7.935529629859683e-11
brspeech,beats,0.005,max,1,0.00916917257642726,1.0150559134186665,1.0150559134186725,1,5,5.995204332975845e-15,1.7860144474468598e-09,1.0447050912096753e-14,2.1781074407541465e-18
brspeech,auditory_erb,0.005,min,1,0.0,1.0150559134186665,1.0100058839986732,0,6,0.0,4.69501201923076e-06,2.0611574841670125e-21,7.935529629859662e-11
brspeech,auditory_erb,0.005,max,1,0.0043186900208437295,1.0150559134186665,1.0150559134186699,1,5,3.3306690738754696e-15,1.4974741446849293e-09,2.7993735146875915e-15,2.6487538079588775e-18
brspeech,speaker,0.005,min,1,0.0,1.0150559134186665,1.0100058839986732,0,6,0.0,4.695012019230767e-06,2.061157484167017e-21,7.93552962985969e-11
brspeech,speaker,0.005,max,1,0.06692512024919343,1.0150559134186665,1.015055913418761,1,5,9.43689570931383e-14,1.7985874123382928e-08,8.260165473096396e-13,3.3027640900682804e-16
brspeech,rmvpe_cont,0.005,min,1,1.0752041679566011e-16,1.0150559134186665,1.0100058839986732,0,6,0.0,4.69501201923077e-06,1.0752092160530928e-16,7.935529629859699e-11
brspeech,rmvpe_cont,0.005,max,1,0.03172451934641584,1.0150559134186665,1.0150559134186885,1,5,2.19824158875781e-14,9.925233968033353e-09,1.2556177100101432e-13,7.164293087729937e-17
brspeech,rmvpe_quant,0.005,min,1,2.4389447492650103e-16,1.0150559134186665,1.0100058839986732,0,6,0.0,4.695012019230766e-06,2.438956200139922e-16,7.935529629859684e-11
brspeech,rmvpe_quant,0.005,max,1,0.008073461616188889,1.0150559134186665,1.015055913418721,1,5,5.440092820663267e-14,6.331203561416032e-09,8.422031901693154e-14,3.133724430115909e-17
brspeech,ced,0.005,min,1,1.67055960525666e-16,1.0150559134186665,1.0100058839986732,0,6,0.0,4.695012019230762e-06,1.6705674485540854e-16,7.935529629859674e-11
brspeech,ced,0.005,max,1,0.055168046990997456,1.0150559134186665,1.0150559134186896,1,5,2.3092638912203256e-14,4.8486791470736534e-08,1.7789908500916132e-13,2.151383258046572e-15
brspeech,egemaps,0.005,min,1,0.42351956810399843,1.0150559134186665,1.0150559134186832,1,4,1.6653345369377348e-14,1.396397451003395e-07,1.795850451342258e-13,1.325134102533408e-14
brspeech,egemaps,0.005,max,1,0.5940101269079731,1.0150559134186665,1.015055913418679,1,6,1.2434497875801753e-14,2.2103085584035398e-08,9.741271280620671e-14,3.950114736102462e-16
brspeech,whisper,0.01,min,1,9.367506770274758e-16,1.0201059428386599,1.0199545033116708,0,1,0.0,6.661338147750939e-16,9.367506770274764e-16,2.2877437524862207e-31
brspeech,whisper,0.01,max,1,0.10846325167427613,1.0201059428386599,1.0201059428386614,1,6,1.5543122344752192e-15,7.909734200950425e-09,6.052756033524193e-15,5.3552686073783425e-17
brspeech,contentvec12,0.01,min,1,0.05619876209100474,1.0201059428386599,1.0201059428386612,1,6,1.3322676295501878e-15,1.2016077022281024e-10,6.3994749397389436e-15,1.1155562822637383e-20
brspeech,contentvec12,0.01,max,1,0.25025909052713236,1.0201059428386599,1.0201059428386792,1,6,1.9317880628477724e-14,4.002859377294499e-09,9.27923866169689e-14,1.3920990910568985e-17
brspeech,wavlm,0.01,min,1,0.19580438391526903,1.0201059428386599,1.0201059428387131,1,6,5.3290705182007514e-14,8.941238860415979e-09,2.803828195259281e-13,7.058810236886388e-17
brspeech,wavlm,0.01,max,1,0.4083655029095784,1.0201059428386599,1.0201059428386827,1,6,2.2870594307278225e-14,4.7357176846674065e-08,1.203309599612821e-13,1.816346739194073e-15
brspeech,beats,0.01,min,1,0.0,1.0201059428386599,1.0100058839986732,0,6,0.0,4.695012019230764e-06,2.0611574841670155e-21,7.935529629859683e-11
brspeech,beats,0.01,max,1,0.017653149606256364,1.0201059428386599,1.0201059428387196,1,5,5.972999872483342e-14,1.980084540775806e-09,9.686668851381342e-14,3.141343307357115e-18
brspeech,auditory_erb,0.01,min,1,0.0,1.0201059428386599,1.0100058839986732,0,6,0.0,4.69501201923076e-06,2.0611574841670125e-21,7.935529629859662e-11
brspeech,auditory_erb,0.01,max,1,0.008493789658858488,1.0201059428386599,1.0201059428386792,1,5,1.9317880628477724e-14,6.642823069391568e-09,1.5714190286946643e-14,3.620473182677005e-17
brspeech,speaker,0.01,min,1,0.0,1.0201059428386599,1.0100058839986732,0,6,0.0,4.695012019230767e-06,2.061157484167017e-21,7.93552962985969e-11
brspeech,speaker,0.01,max,1,0.10411272157578548,1.0201059428386599,1.0201059428390566,1,5,3.9679370900103095e-13,1.255000254829497e-07,2.521700523325487e-12,1.1549806464993886e-14
brspeech,rmvpe_cont,0.01,min,1,1.0752041679566011e-16,1.0201059428386599,1.0100058839986732,0,6,0.0,4.69501201923077e-06,1.0752092160530928e-16,7.935529629859699e-11
brspeech,rmvpe_cont,0.01,max,1,0.05851643033306382,1.0201059428386599,1.0201059428386665,1,5,6.661338147750939e-15,1.2742695787437697e-11,3.2991762788534385e-14,1.4130197591495794e-22
brspeech,rmvpe_quant,0.01,min,1,2.4389447492650103e-16,1.0201059428386599,1.0100058839986732,0,6,0.0,4.695012019230766e-06,2.438956200139922e-16,7.935529629859684e-11
brspeech,rmvpe_quant,0.01,max,1,0.015665837085569536,1.0201059428386599,1.02010594283876,1,5,1.0014211682118912e-13,6.358921611493429e-09,1.4633091688446154e-13,3.278381596601119e-17
brspeech,ced,0.01,min,1,1.67055960525666e-16,1.0201059428386599,1.0100058839986732,0,6,0.0,4.695012019230762e-06,1.6705674485540854e-16,7.935529629859674e-11
brspeech,ced,0.01,max,1,0.0882305251588468,1.0201059428386599,1.0201059428386632,1,5,3.3306690738754696e-15,3.571088313947257e-09,1.8959103820205977e-14,1.2143390364557589e-17
brspeech,egemaps,0.01,min,1,0.37710281171999904,1.0201059428386599,1.0201059428387023,1,4,4.241051954068098e-14,2.62667485984025e-07,3.3965712345005316e-13,9.832989491063455e-14
brspeech,egemaps,0.01,max,1,0.6266167477061011,1.0201059428386599,1.0201059428386612,1,7,1.3322676295501878e-15,1.3025579725933767e-08,7.203651221444094e-15,1.6966564621343043e-16
bvcc,whisper,0.001,min,1,0.21367550704598995,0.24886835996423773,0.2488683599642425,1,4,4.773959005888173e-15,4.2306742775721773e-07,3.437890523485968e-13,2.1741349168126072e-13
bvcc,whisper,0.001,max,1,0.28529131851733097,0.24886835996423773,0.24886835996423867,1,4,9.43689570931383e-16,4.095792638381113e-08,6.795829503226531e-14,1.1408392045949297e-15
bvcc,contentvec12,0.001,min,1,0.02279699575000098,0.24886835996423773,0.24886835996423792,1,4,1.942890293094024e-16,2.5632331368541372e-08,1.5078346292218753e-14,5.176221993575452e-16
bvcc,contentvec12,0.001,max,1,0.09997633202067217,0.24886835996423773,0.2488683599642416,1,4,3.858025010572419e-15,3.563476305146196e-07,2.994128893045093e-13,1.0805959150550615e-13
bvcc,wavlm,0.001,min,1,0.12440292399539836,0.24886835996423773,0.24886835996423848,1,4,7.494005416219807e-16,9.988771321189915e-08,6.450732766492408e-14,7.571578788319912e-15
bvcc,wavlm,0.001,max,1,0.21000625145013857,0.24886835996423773,0.2488683599642399,1,4,2.1649348980190553e-15,1.8753031261198316e-07,1.8635450601259693e-13,4.115410752184403e-14
bvcc,beats,0.001,min,1,0.16087823114146135,0.24886835996423773,0.2488683599642382,1,4,4.718447854656915e-16,2.0781086629284573e-08,3.739153891660055e-14,3.6251026182118026e-16
bvcc,beats,0.001,max,1,0.23968613570769454,0.24886835996423773,0.2488683599642409,1,4,3.164135620181696e-15,1.7965235343808672e-07,2.507432824228242e-13,4.470250499698188e-14
bvcc,auditory_erb,0.001,min,1,9.507640430464103e-18,0.24886835996423773,0.24861974022401373,0,4,0.0,4.88281250000001e-06,9.507663642476873e-18,5.3644180297851535e-11
bvcc,auditory_erb,0.001,max,1,0.0027503761154085093,0.24886835996423773,0.24886835996426865,1,3,3.091971123581061e-14,3.3565115042932803e-07,3.386440253908477e-13,9.74818727854106e-14
bvcc,speaker,0.001,min,1,0.05913414217604344,0.24886835996423773,0.24886835996423784,1,4,2.220446049250313e-16,1.1166623181679824e-11,8.999648588132116e-15,9.202848224029271e-23
bvcc,speaker,0.001,max,1,0.13974822586767627,0.24886835996423773,0.24886835996424012,1,4,2.3869795029440866e-15,1.1309072478482562e-07,1.934924470320119e-13,1.4720034557866588e-14
bvcc,rmvpe_cont,0.001,min,1,0.0,0.24886835996423773,0.24861974022401373,0,4,0.0,4.882812500000006e-06,6.963603830906321e-23,5.364418029785156e-11
bvcc,rmvpe_cont,0.001,max,1,0.003337307003803365,0.24886835996423773,0.24886835996423926,1,3,1.5265566588595902e-15,6.208811798025238e-09,2.0133038388776356e-14,6.501137280331175e-17
bvcc,rmvpe_quant,0.001,min,1,1.8211870110457504e-18,0.24886835996423773,0.24861974022401373,0,4,0.0,3.3306690738754696e-16,1.8211870110457496e-18,7.892943236838199e-32
bvcc,rmvpe_quant,0.001,max,1,0.0030185125784411068,0.24886835996423773,0.24886835996427423,1,3,3.649858193455202e-14,2.407924060698896e-07,4.360504274141283e-13,7.195960656248531e-14
bvcc,ced,0.001,min,1,0.17829175648481804,0.24886835996423773,0.24886835996425613,1,4,1.840194663316197e-14,1.5696929311914687e-07,1.6250385398770857e-12,2.7521945352333328e-14
bvcc,ced,0.001,max,1,0.2661121798418158,0.24886835996423773,0.24886835996423973,1,4,1.9984014443252818e-15,7.194042916935928e-08,1.764747874968057e-13,4.105465647765493e-15
bvcc,egemaps,0.001,min,1,0.0,0.24886835996423773,0.24861974022401373,0,4,0.0,4.882812500000003e-06,6.963603830906318e-23,5.3644180297851516e-11
bvcc,egemaps,0.001,max,1,0.007479243259012575,0.24886835996423773,0.2488683599642502,1,3,1.2462253451417382e-14,1.0448506060356522e-08,3.564457722130833e-13,1.5166421666048e-16
bvcc,whisper,0.005,min,1,0.16941450144641532,0.24986283892513378,0.24986283892514097,1,4,7.188694084447889e-15,7.89589698069193e-08,2.3151456560643175e-13,6.145029875812208e-15
bvcc,whisper,0.005,max,1,0.32955232411692087,0.24986283892513378,0.24986283892513392,1,4,1.3877787807814457e-16,5.0489548097942816e-09,4.46939313463944e-15,3.284407666165451e-17
bvcc,contentvec12,0.005,min,1,3.3660611511276852e-15,0.24986283892513378,0.24986283892516895,1,1,3.5166314305001833e-14,2.220446049250313e-16,3.366061151127684e-15,4.283614371921302e-32
bvcc,contentvec12,0.005,max,1,0.14767578504172632,0.24986283892513378,0.24986283892513475,1,4,9.71445146547012e-16,1.4422989025320021e-08,3.371620779072676e-14,1.8214082954500878e-16
bvcc,wavlm,0.005,min,1,0.07149715810392483,0.24986283892513378,0.24986283892513503,1,4,1.2490009027033011e-15,9.672744827327051e-10,4.8080923032860253e-14,1.233922698179886e-18
bvcc,wavlm,0.005,max,1,0.26291201734148123,0.24986283892513378,0.24986283892513428,1,4,4.996003610813204e-16,7.294152637449258e-08,1.92323693789902e-14,4.7061515490742495e-15
bvcc,beats,0.005,min,1,0.11217226756100901,0.24986283892513378,0.24986283892513383,1,4,5.551115123125783e-17,1.1087110562968405e-08,1.9672946575851844e-15,1.2070057327843945e-16
bvcc,beats,0.005,max,1,0.28839209928793413,0.24986283892513378,0.24986283892513383,1,4,2.220446049250313e-16,5.465494279377481e-09,1.9672946585387638e-15,3.409796539265446e-17
bvcc,auditory_erb,0.005,min,1,9.507640430464103e-18,0.24986283892513378,0.24861974022401373,0,4,0.0,4.88281250000001e-06,9.507663642476873e-18,5.3644180297851535e-11
bvcc,auditory_erb,0.005,max,1,0.013243438683101351,0.24986283892513378,0.24986283892517092,1,3,3.7136960173711486e-14,5.986379542077813e-08,3.7800226002880165e-13,6.703651741709951e-15
bvcc,speaker,0.005,min,1,0.00931189850673178,0.24986283892513378,0.24986283892513525,1,4,1.4710455076283324e-15,1.2802823246005346e-09,5.3328138944044625e-14,2.6956604100162037e-18
bvcc,speaker,0.005,max,1,0.18957046953702036,0.24986283892513378,0.24986283892514133,1,4,7.549516567451064e-15,2.5781874479768874e-07,2.73684027143237e-13,6.628700386620973e-14
bvcc,rmvpe_cont,0.005,min,1,0.0,0.24986283892513378,0.24861974022401373,0,4,0.0,4.882812500000006e-06,6.963603830906321e-23,5.364418029785156e-11
bvcc,rmvpe_cont,0.005,max,1,0.01565743519436313,0.24986283892513378,0.24986283892513425,1,3,4.718447854656915e-16,4.7801819169635e-09,5.511159311945557e-15,2.6793977692000534e-17
bvcc,rmvpe_quant,0.005,min,1,1.8211870110457504e-18,0.24986283892513378,0.24861974022401373,0,4,0.0,3.3306690738754696e-16,1.8211870110457496e-18,7.892943236838199e-32
bvcc,rmvpe_quant,0.005,max,1,0.014233674104532123,0.24986283892513378,0.24986283892514663,1,3,1.2850831510036187e-14,3.050368213575183e-08,1.3723246156804924e-13,1.1272241994149443e-15
bvcc,ced,0.005,min,1,0.12401574997261382,0.24986283892513378,0.24986283892513428,1,4,4.996003610813204e-16,5.595508056899234e-09,1.973048074702254e-14,3.6965921975682675e-17
bvcc,ced,0.005,max,1,0.32038818635557154,0.24986283892513378,0.24986283892513647,1,4,2.6922908347160046e-15,1.063670889145385e-07,1.063253692682309e-13,1.1811929298249852e-14
bvcc,egemaps,0.005,min,1,0.0,0.24986283892513378,0.24861974022401373,0,4,0.0,4.882812500000003e-06,6.963603830906318e-23,5.3644180297851516e-11
bvcc,egemaps,0.005,max,1,0.03197397503776055,0.24986283892513378,0.24986283892513397,1,3,1.942890293094024e-16,1.8090493547617825e-09,4.2020372146100105e-15,4.364938758684505e-18
bvcc,whisper,0.01,min,1,0.13624887245094666,0.2511059376262539,0.25110593762625394,1,4,1.1102230246251565e-16,3.7100711391957475e-10,1.2641352787334619e-15,1.0479111830031711e-19
bvcc,whisper,0.01,max,1,0.36271795311261457,0.2511059376262539,0.25110593762625405,1,4,1.6653345369377348e-16,1.5032735722897428e-08,3.792405849865923e-15,2.7763867419385545e-16
bvcc,contentvec12,0.01,min,1,0.0,0.2511059376262539,0.2511059376262538,1,1,1.1102230246251565e-16,2.220446049250313e-16,1.355854680848614e-31,3.6931186871156936e-32
bvcc,contentvec12,0.01,max,1,0.18341790930600674,0.2511059376262539,0.2511059376262577,1,4,3.83026943495679e-15,4.7376830680789794e-08,9.400149738337025e-14,1.413211026481096e-15
bvcc,wavlm,0.01,min,1,0.03185384274027884,0.2511059376262539,0.25110593762626277,1,4,8.881784197001252e-15,3.2476242806112054e-09,2.4176602131502156e-13,1.2688264661475492e-17
bvcc,wavlm,0.01,max,1,0.3025553327050761,0.2511059376262539,0.25110593762626005,1,4,6.161737786669619e-15,1.0404201677971514e-07,1.677251795160454e-13,1.1133442187458102e-14
bvcc,beats,0.01,min,1,0.07567594543474737,0.2511059376262539,0.2511059376262624,1,4,8.493206138382448e-15,2.3559696415986764e-09,2.1283637100292172e-13,3.978668553829094e-18
bvcc,beats,0.01,max,1,0.3248884214143844,0.2511059376262539,0.25110593762626987,1,4,1.5987211554602254e-14,6.954730769059836e-08,4.0063317362517664e-13,3.817899045163564e-15
bvcc,auditory_erb,0.01,min,1,9.507640430464103e-18,0.2511059376262539,0.24861974022401373,0,4,0.0,4.88281250000001e-06,9.507663642476873e-18,5.3644180297851535e-11
bvcc,auditory_erb,0.01,max,1,0.02539902508058174,0.2511059376262539,0.2511059376262673,1,3,1.3433698597964394e-14,8.974834575514734e-08,1.2639207218922714e-13,6.309015718376836e-15
bvcc,speaker,0.01,min,1,0.0,0.2511059376262539,0.2511059376262538,1,1,0.0,3.0183868647813527e-06,6.143762173938551e-21,1.71481719115113e-11
bvcc,speaker,0.01,max,1,0.22690324195983783,0.2511059376262539,0.25110593762625405,1,4,1.6653345369377348e-16,6.183860312702905e-09,4.268908151804088e-15,3.004378085455278e-17
bvcc,rmvpe_cont,0.01,min,1,0.0,0.2511059376262539,0.24861974022401373,0,4,0.0,4.882812500000006e-06,6.963603830906321e-23,5.364418029785156e-11
bvcc,rmvpe_cont,0.01,max,1,0.02931144357159403,0.2511059376262539,0.25110593762629596,1,3,4.207745263329343e-14,9.959591518171607e-08,4.3617459104359885e-13,1.1582510949316771e-14
bvcc,rmvpe_quant,0.01,min,1,1.8211870110457504e-18,0.2511059376262539,0.24861974022401373,0,4,0.0,3.3306690738754696e-16,1.8211870110457496e-18,7.892943236838199e-32
bvcc,rmvpe_quant,0.01,max,1,0.02676537815129874,0.2511059376262539,0.251105937626267,1,3,1.3100631690576847e-14,2.9882306740169895e-08,1.2506592607625496e-13,1.0317191205815476e-15
bvcc,ced,0.01,min,1,0.0833456867642422,0.2511059376262539,0.2511059376262539,1,4,1.1102230246251565e-16,2.860278680572037e-10,2.0076882318196507e-16,1.207780511225024e-19
bvcc,ced,0.01,max,1,0.36105824956392857,0.2511059376262539,0.25110593762625644,1,4,2.55351295663786e-15,7.561873593964208e-08,7.13079585214046e-14,4.1849338365129485e-15
bvcc,egemaps,0.01,min,1,0.0,0.2511059376262539,0.24861974022401373,0,4,0.0,4.882812500000003e-06,6.963603830906318e-23,5.3644180297851516e-11
bvcc,egemaps,0.01,max,1,0.055988894818737686,0.2511059376262539,0.2511059376262539,1,3,1.1102230246251565e-16,7.58692331181976e-10,0.0,8.145484356718167e-19
singmos,whisper,0.001,min,1,0.07328008906557405,0.3634723747127473,0.3634723747127502,1,3,2.886579864025407e-15,1.1529515842045868e-07,1.2040951433279082e-13,1.0116840456093169e-14
singmos,whisper,0.001,max,1,0.1338664059962006,0.3634723747127473,0.36347237471275445,1,3,7.16093850883226e-15,2.550696064917979e-07,2.987082163329417e-13,6.920188578031225e-14
singmos,contentvec12,0.001,min,1,0.04396192516361843,0.3634723747127473,0.36347237471274907,1,3,1.7763568394002505e-15,8.763122817667668e-08,7.869734408538177e-14,7.329206487791478e-15
singmos,contentvec12,0.001,max,1,0.10830875975597315,0.3634723747127473,0.36347237471274846,1,3,1.1657341758564144e-15,1.588810342179059e-07,5.164513222959046e-14,1.837034075040166e-14
singmos,wavlm,0.001,min,1,0.1715656470483827,0.3634723747127473,0.3634723747127473,1,3,0.0,1.8102056131841238e-08,1.1636733798589406e-15,4.582035230574978e-16
singmos,wavlm,0.001,max,1,0.2596977903615009,0.3634723747127473,0.3634723747127476,1,3,3.3306690738754696e-16,5.267677927189851e-08,2.0210101323962212e-14,3.058664858979266e-15
singmos,beats,0.001,min,1,0.11387032678410057,0.3634723747127473,0.3634723747127503,1,3,2.9976021664879227e-15,1.2660973602862668e-07,1.5963625924683015e-13,1.1484403592459426e-14
singmos,beats,0.001,max,1,0.19121935386714012,0.3634723747127473,0.3634723747127476,1,3,3.3306690738754696e-16,9.357578636959296e-08,1.7737361691553995e-14,1.3134611193770051e-14
singmos,auditory_erb,0.001,min,1,4.6821996090747595e-18,0.3634723747127473,0.36310926544730004,0,3,0.0,5.3405761718750115e-06,4.682206753544377e-18,3.667082637548451e-11
singmos,auditory_erb,0.001,max,1,0.01764954773510577,0.3634723747127473,0.36347237471275584,1,2,8.548717289613705e-15,1.1989921132327108e-07,3.762602788972159e-13,1.2997068952665965e-14
singmos,speaker,0.001,min,1,0.0,0.3634723747127473,0.3631856747538137,0,1,0.0,1.369378133803823e-17,0.0,8.438384130030185e-34
singmos,speaker,0.001,max,1,0.053435952749346656,0.3634723747127473,0.3634723747127541,1,3,6.827871601444713e-15,3.4943480659022086e-07,4.2903776739575507e-13,1.0193883424688173e-13
singmos,rmvpe_cont,0.001,min,1,1.1332824378229708e-17,0.3634723747127473,0.36310926544730004,0,3,0.0,4.302493104851951e-16,1.1332824378229708e-17,9.472562453185527e-32
singmos,rmvpe_cont,0.001,max,1,0.008294885903418025,0.3634723747127473,0.36347237471278265,1,2,3.5360603334311236e-14,1.616582957081336e-08,7.825978568698736e-13,1.6242610054238895e-16
singmos,rmvpe_quant,0.001,min,1,4.9176813858563555e-18,0.3634723747127473,0.36310926544730004,0,3,0.0,1.1102230246251565e-16,4.917681385856355e-18,1.183865795697531e-32
singmos,rmvpe_quant,0.001,max,1,0.016237535632066195,0.3634723747127473,0.36347237471276167,1,2,1.4377388168895777e-14,3.5047405099603024e-07,5.015025192387607e-13,8.459891597423802e-14
singmos,ced,0.001,min,1,0.18314863078834948,0.3634723747127473,0.36347237471275035,1,3,3.0531133177191805e-15,1.5467442926464514e-07,2.0285320786910974e-13,1.8066453729720843e-14
singmos,ced,0.001,max,1,0.27964939758854007,0.3634723747127473,0.36347237471274746,1,4,1.6653345369377348e-16,3.1051369753232194e-08,1.1050754830398879e-14,6.365191477396991e-16
singmos,egemaps,0.001,min,1,0.16064510240421262,0.3634723747127473,0.3634723747127475,1,3,2.220446049250313e-16,2.2332199423047427e-08,1.5980875863724618e-14,5.308474052210929e-16
singmos,egemaps,0.001,max,1,0.2631998718552355,0.3634723747127473,0.3634723747127483,1,4,9.992007221626409e-16,1.989831355242444e-09,6.578858065783393e-14,5.19006436996575e-18
singmos,whisper,0.005,min,1,0.0358356859526861,0.3649248117745365,0.3649248117745577,1,3,2.120525977034049e-14,1.770043160653767e-07,3.9558137257592117e-13,4.1458616808110806e-14
singmos,whisper,0.005,max,1,0.17131080910887014,0.3649248117745365,0.364924811774555,1,3,1.8485213360008856e-14,4.658469491061745e-08,3.448392515810898e-13,1.3488658702425642e-15
singmos,contentvec12,0.005,min,1,0.0041933943208609424,0.3649248117745365,0.3649248117745369,1,3,3.885780586188048e-16,2.980893594461964e-09,7.698801762252685e-15,5.622955256727224e-18
singmos,contentvec12,0.005,max,1,0.1480490782012972,0.3649248117745365,0.36492481177453945,1,4,2.942091015256665e-15,3.589891636734954e-08,5.814287517696669e-14,1.4346672245300726e-15
singmos,wavlm,0.005,min,1,0.11709698698446411,0.3649248117745365,0.3649248117745376,1,3,1.1102230246251565e-15,8.418572142870895e-08,3.0127440256967755e-14,7.817499507441838e-15
singmos,wavlm,0.005,max,1,0.31411346709837873,0.3649248117745365,0.3649248117745368,1,4,2.7755575615628914e-16,5.559912628905206e-08,7.508868655351698e-15,2.97736228861452e-15
singmos,beats,0.005,min,1,0.06606599905465482,0.3649248117745365,0.3649248117745379,1,3,1.3877787807814457e-15,3.3605084215349024e-08,3.305162134153954e-14,1.2802303902566656e-15
singmos,beats,0.005,max,1,0.23897642370027913,0.3649248117745365,0.36492481177454633,1,4,9.825473767932635e-15,5.041350538293604e-07,2.3328436996278566e-13,1.7277879004616457e-13
singmos,auditory_erb,0.005,min,1,4.6821996090747595e-18,0.3649248117745365,0.36310926544730004,0,3,0.0,5.3405761718750115e-06,4.682206753544377e-18,3.667082637548451e-11
singmos,auditory_erb,0.005,max,1,0.06736048857989327,0.3649248117745365,0.36492481177454794,1,3,1.1435297153639112e-14,3.2432259139403286e-07,3.182054092282142e-13,1.3374498151690612e-13
singmos,speaker,0.005,min,1,0.0,0.3649248117745365,0.3631856747538137,0,1,0.0,1.369378133803823e-17,0.0,8.438384130030185e-34
singmos,speaker,0.005,max,1,0.10984124942345423,0.3649248117745365,0.3649248117745398,1,3,3.2751579226442118e-15,1.1457941945236527e-07,9.203594005287158e-14,1.3520334838185293e-14
singmos,rmvpe_cont,0.005,min,1,1.1332824378229708e-17,0.3649248117745365,0.36310926544730004,0,3,0.0,4.302493104851951e-16,1.1332824378229708e-17,9.472562453185527e-32
singmos,rmvpe_cont,0.005,max,1,0.037065289945795346,0.3649248117745365,0.36492481177454045,1,3,3.941291737419306e-15,5.0325757533498106e-08,7.012287848911591e-14,2.736750928298284e-15
singmos,rmvpe_quant,0.005,min,1,4.9176813858563555e-18,0.3649248117745365,0.36310926544730004,0,3,0.0,1.1102230246251565e-16,4.917681385856355e-18,1.183865795697531e-32
singmos,rmvpe_quant,0.005,max,1,0.05062251344967982,0.3649248117745365,0.3649248117745594,1,3,2.2870594307278225e-14,2.798822663629963e-07,4.082226458753211e-13,5.76667521894095e-14
singmos,ced,0.005,min,1,0.12350711976252092,0.3649248117745365,0.364924811774545,1,3,8.493206138382448e-15,1.647459353104619e-07,2.5236295643429976e-13,2.782187833470321e-14
singmos,ced,0.005,max,1,0.33872672614409355,0.3649248117745365,0.36492481177461494,1,4,7.843725668976731e-14,7.991268585402778e-08,2.3001563292036924e-12,6.581668386838249e-15
singmos,egemaps,0.005,min,1,0.09603952181958043,0.3649248117745365,0.3649248117745395,1,3,2.9976021664879227e-15,3.8077598307761917e-07,9.648268545380805e-14,1.8897477665208608e-13
singmos,egemaps,0.005,max,1,0.32181749086088307,0.3649248117745365,0.36492481177454245,1,4,5.9396931817445875e-15,2.3743161736700102e-07,1.7282489688193868e-13,6.960486464386627e-14
singmos,whisper,0.01,min,1,0.0077778692661035955,0.366740358101773,0.366740358101773,1,3,0.0,1.0001001415904653e-10,4.303581076822414e-17,7.288907654995675e-21
singmos,whisper,0.01,max,1,0.1993613775331389,0.366740358101773,0.3667403581017902,1,4,1.715294573045867e-14,1.008872274168085e-07,2.2609639957958905e-13,1.4011167758159251e-14
singmos,contentvec12,0.01,min,1,4.163336342344337e-17,0.366740358101773,0.3658379583492108,0,1,0.0,2.220446049250313e-16,4.163336342344338e-17,2.471896489863545e-32
singmos,contentvec12,0.01,max,1,0.17774715686691328,0.366740358101773,0.36674035810177363,1,4,6.106226635438361e-16,6.951212938588469e-10,8.520411739008138e-15,3.7925821032598484e-19
singmos,wavlm,0.01,min,1,0.07628256474197585,0.366740358101773,0.366740358101773,1,3,1.1102230246251565e-16,1.1365164601095934e-08,6.799237626124222e-17,1.0731674343638537e-16
singmos,wavlm,0.01,max,1,0.3547683042567299,0.366740358101773,0.366740358101773,1,4,0.0,2.391979100901942e-09,1.780139848642997e-18,7.558743062805858e-18
singmos,beats,0.01,min,1,0.03024529014263019,0.366740358101773,0.36674035810177735,1,3,4.3298697960381105e-15,2.0146371484952574e-07,7.291760164950468e-14,2.7413779554604256e-14
singmos,beats,0.01,max,1,0.27465603004910405,0.366740358101773,0.3667403581017752,1,4,2.1649348980190553e-15,2.957022700311729e-08,3.629311185155033e-14,1.2469995332059933e-15
singmos,auditory_erb,0.01,min,1,4.6821996090747595e-18,0.366740358101773,0.36310926544730004,0,3,0.0,5.3405761718750115e-06,4.682206753544377e-18,3.667082637548451e-11
singmos,auditory_erb,0.01,max,1,0.1107659731866859,0.366740358101773,0.3667403581017785,1,3,5.495603971894525e-15,1.0281595891337147e-07,1.1516760128511738e-13,9.065557475093387e-15
singmos,speaker,0.01,min,1,0.0,0.366740358101773,0.3631856747538137,0,1,0.0,1.369378133803823e-17,0.0,8.438384130030185e-34
singmos,speaker,0.01,max,1,0.15210683099789005,0.366740358101773,0.36674035810177336,1,3,3.3306690738754696e-16,2.6103686434630902e-08,6.618227477472659e-15,6.958744702199717e-16
singmos,rmvpe_cont,0.01,min,1,1.1332824378229708e-17,0.366740358101773,0.36310926544730004,0,3,0.0,4.302493104851951e-16,1.1332824378229708e-17,9.472562453185527e-32
singmos,rmvpe_cont,0.01,max,1,0.0662887661447165,0.366740358101773,0.3667403581017732,1,3,1.6653345369377348e-16,1.664545462576328e-08,2.4473267973642832e-15,2.8291752872687087e-16
singmos,rmvpe_quant,0.01,min,1,4.9176813858563555e-18,0.366740358101773,0.36310926544730004,0,3,0.0,1.1102230246251565e-16,4.917681385856355e-18,1.183865795697531e-32
singmos,rmvpe_quant,0.01,max,1,0.07774503151476443,0.366740358101773,0.3667403581017773,1,3,4.274358644806853e-15,1.4063492120852672e-07,5.4903216191607296e-14,1.6878795615226803e-14
singmos,ced,0.01,min,1,0.07881658007710304,0.366740358101773,0.36674035810179306,1,3,2.0039525594484076e-14,2.761437987164328e-07,4.2104294961864397e-13,7.720075744501383e-14
singmos,ced,0.01,max,1,0.3827946822369194,0.366740358101773,0.366740358101778,1,4,4.9960036108132044e-15,6.612036376751895e-08,1.0344391664837382e-13,3.1258784064847424e-15
singmos,egemaps,0.01,min,1,0.04576232371721679,0.366740358101773,0.36674035810177424,1,2,1.2212453270876722e-15,1.920834846735886e-08,2.979078224227369e-14,4.4300451344239353e-16
singmos,egemaps,0.01,max,1,0.36554253266592157,0.366740358101773,0.36674035810177336,1,4,3.3306690738754696e-16,5.354847343319591e-09,6.842598007727305e-15,3.236613456135146e-17
tmhintqi,whisper,0.001,min,1,0.12444225602036986,0.8907496257349262,0.8907496257358318,1,4,9.056089211867402e-13,4.5856979546954335e-08,3.447375926972357e-11,2.607475509850505e-15
tmhintqi,whisper,0.001,max,1,0.25993920325374437,0.8907496257349262,0.8907496257353484,1,4,4.2221781626494703e-13,9.910646525668199e-08,1.6072539856927512e-11,8.333404151610111e-15
tmhintqi,contentvec12,0.001,min,1,2.1986030401465685e-15,0.8907496257349262,0.890749625734926,1,4,1.1102230246251565e-16,2.220446049250313e-16,2.1986030401465677e-15,5.68885148469421e-32
tmhintqi,contentvec12,0.001,max,1,0.14415044136569038,0.8907496257349262,0.8907496257349268,1,5,5.551115123125783e-16,8.892019565109877e-09,2.238118052681342e-14,7.071516058322629e-17
tmhintqi,wavlm,0.001,min,1,0.08435952747219302,0.8907496257349262,0.8907496257349432,1,4,1.6986412276764895e-14,5.327276575428641e-08,8.143960345670748e-13,2.1472512887511437e-15
tmhintqi,wavlm,0.001,max,1,0.255013166025458,0.8907496257349262,0.8907496257349395,1,4,1.3322676295501878e-14,5.600958274953882e-08,6.387419860211686e-13,3.4418038417991165e-15
tmhintqi,beats,0.001,min,1,0.1899470641201539,0.8907496257349262,0.8907496257349353,1,4,9.103828801926284e-15,6.70989237505637e-08,4.147666809392639e-13,5.313509013687399e-15
tmhintqi,beats,0.001,max,1,0.3521136393495532,0.8907496257349262,0.8907496257349284,1,4,2.220446049250313e-15,1.1492159579518102e-07,1.0116260632772167e-13,1.9392944887465164e-14
tmhintqi,auditory_erb,0.001,min,1,6.752176078596859e-19,0.8907496257349262,0.8898597659689573,0,4,0.0,4.88281250000001e-06,6.752192563401738e-19,5.3644180297851535e-11
tmhintqi,auditory_erb,0.001,max,1,0.010707870785751866,0.8907496257349262,0.8907496257349337,1,3,7.438494264988549e-15,5.93795390635421e-09,8.59526771661881e-14,5.610546551700048e-17
tmhintqi,speaker,0.001,min,1,2.6714741530042824e-16,0.8907496257349262,0.8901748306282034,0,1,0.0,1.369378133803823e-17,2.6714741530042824e-16,8.438384130030185e-34
tmhintqi,speaker,0.001,max,1,0.07686122699787451,0.8907496257349262,0.8907496257349279,1,4,1.6653345369377348e-15,3.1668720978927922e-09,6.091833209731737e-14,7.939074009552408e-18
tmhintqi,rmvpe_cont,0.001,min,1,8.985656376718639e-18,0.8907496257349262,0.8898597659689573,0,4,0.0,4.882812500000006e-06,8.985678314356279e-18,5.364418029785156e-11
tmhintqi,rmvpe_cont,0.001,max,1,0.011817555113869909,0.8907496257349262,0.8907496257349429,1,3,1.6653345369377348e-14,1.3347249527839722e-08,2.1065239707115269e-13,1.162051864422211e-16
tmhintqi,rmvpe_quant,0.001,min,1,9.736531232124875e-18,0.8907496257349262,0.8898597659689573,0,4,0.0,3.3306690738754696e-16,9.736531232124872e-18,7.892943236838199e-32
tmhintqi,rmvpe_quant,0.001,max,1,0.012280279910619063,0.8907496257349262,0.8907496257349525,1,3,2.631228568361621e-14,1.5302707079278832e-07,3.163239056477275e-13,2.202375595869123e-14
tmhintqi,ced,0.001,min,1,0.20021615142409294,0.8907496257349262,0.8907496257349266,1,4,3.3306690738754696e-16,7.536745361136354e-08,1.562762596961525e-14,8.77031593269465e-15
tmhintqi,ced,0.001,max,1,0.36722638459027457,0.8907496257349262,0.8907496257349276,1,4,1.3322676295501878e-15,1.1870845995076706e-07,6.251050407047652e-14,1.2377881630461412e-14
tmhintqi,egemaps,0.001,min,1,0.0,0.8907496257349262,0.8898597659689573,0,4,0.0,4.882812500000003e-06,7.131248461028958e-23,5.3644180297851516e-11
tmhintqi,egemaps,0.001,max,1,0.04487157388913955,0.8907496257349262,0.8907496257349269,1,4,6.661338147750939e-16,1.9782646631938405e-09,2.3657446396040293e-14,4.0708317637747866e-18
tmhintqi,whisper,0.005,min,1,0.040700537330208085,0.894309064798802,0.8943090647988031,1,4,1.1102230246251565e-15,1.3407746912719176e-08,1.8900494830880423e-14,2.0076805464063396e-16
tmhintqi,whisper,0.005,max,1,0.34321466704825443,0.894309064798802,0.8943090647988023,1,5,3.3306690738754696e-16,2.838449475461857e-10,5.616673034614655e-15,1.0720530894503059e-19
tmhintqi,contentvec12,0.005,min,1,0.0,0.894309064798802,0.8926741821131499,0,1,2.220446049250313e-16,2.220446049250313e-16,0.0,2.471896489863545e-32
tmhintqi,contentvec12,0.005,max,1,0.23203127401086993,0.894309064798802,0.8943090647988157,1,5,1.3655743202889425e-14,1.4322858454818288e-08,2.42969896165098e-13,1.5445911799705431e-16
tmhintqi,wavlm,0.005,min,1,1.1172811417251123e-15,0.894309064798802,0.8943090647988479,1,1,4.5852210917018965e-14,4.440892098500626e-16,1.1172811417251129e-15,1.0068521628625438e-31
tmhintqi,wavlm,0.005,max,1,0.36026330229206266,0.894309064798802,0.8943090647988022,1,5,2.220446049250313e-16,3.2480902412146406e-09,4.736915471232932e-15,9.290711229444549e-18
tmhintqi,beats,0.005,min,1,0.08972260879727044,0.894309064798802,0.8943090647988077,1,4,5.662137425588298e-15,7.068607077442834e-08,1.1536529427422988e-13,4.728820899097968e-15
tmhintqi,beats,0.005,max,1,0.4515090083054053,0.894309064798802,0.8943090647988026,1,5,5.551115123125783e-16,2.0430936942261724e-09,1.1171048172382758e-14,2.845971316931334e-18
tmhintqi,auditory_erb,0.005,min,1,6.752176078596859e-19,0.894309064798802,0.8898597659689573,0,4,0.0,4.88281250000001e-06,6.752192563401738e-19,5.3644180297851535e-11
tmhintqi,auditory_erb,0.005,max,1,0.04585731367787735,0.894309064798802,0.8943090647988106,1,4,8.548717289613705e-15,1.6317193596293578e-08,7.308615117406856e-14,1.838154568724022e-16
tmhintqi,speaker,0.005,min,1,2.6714741530042824e-16,0.894309064798802,0.8901748306282034,0,1,0.0,1.369378133803823e-17,2.6714741530042824e-16,8.438384130030185e-34
tmhintqi,speaker,0.005,max,1,0.15733241955212007,0.894309064798802,0.8943090647988041,1,4,2.1094237467877974e-15,2.406828425449703e-08,3.450844140345098e-14,5.533799049700081e-16
tmhintqi,rmvpe_cont,0.005,min,1,8.985656376718639e-18,0.894309064798802,0.8898597659689573,0,4,0.0,4.882812500000006e-06,8.985678314356279e-18,5.364418029785156e-11
tmhintqi,rmvpe_cont,0.005,max,1,0.04935780558466435,0.894309064798802,0.8943090647988026,1,4,5.551115123125783e-16,3.268075587925523e-09,4.984782816946828e-15,1.3214851581144113e-17
tmhintqi,rmvpe_quant,0.005,min,1,9.736531232124875e-18,0.894309064798802,0.8898597659689573,0,4,0.0,3.3306690738754696e-16,9.736531232124872e-18,7.892943236838199e-32
tmhintqi,rmvpe_quant,0.005,max,1,0.043590046115723154,0.894309064798802,0.8943090647988119,1,4,9.880984919163893e-15,4.885718829505947e-08,6.820880655725507e-14,1.8942873032936343e-15
tmhintqi,ced,0.005,min,1,0.0969981508659419,0.894309064798802,0.8943090647988088,1,4,6.772360450213455e-15,9.84795511804748e-08,1.4210736570644708e-13,6.936764350054594e-15
tmhintqi,ced,0.005,max,1,0.4700900457347317,0.894309064798802,0.8943090647988048,1,5,2.7755575615628914e-15,7.286767633729596e-09,5.783956935279355e-14,6.776831751550821e-17
tmhintqi,egemaps,0.005,min,1,0.0,0.894309064798802,0.8898597659689573,0,4,0.0,4.882812500000003e-06,7.131248461028958e-23,5.3644180297851516e-11
tmhintqi,egemaps,0.005,max,1,0.12531986248229707,0.894309064798802,0.8943090647988179,1,4,1.587618925213974e-14,8.423246988797928e-09,2.6314426631991387e-13,6.351888619768094e-17
tmhintqi,whisper,0.01,min,1,0.0,0.8987583636286469,0.8987583636286689,1,1,2.19824158875781e-14,2.220446049250313e-16,2.1964845829747547e-29,3.520727300376553e-32
tmhintqi,whisper,0.01,max,1,0.40531249284033,0.8987583636286469,0.8987583636286487,1,5,1.7763568394002505e-15,4.5173953466814964e-10,2.1147108621562042e-14,2.3023484757330723e-19
tmhintqi,contentvec12,0.01,min,1,0.0,0.8987583636286469,0.8926741821131499,0,1,2.220446049250313e-16,2.220446049250313e-16,0.0,2.471896489863545e-32
tmhintqi,contentvec12,0.01,max,1,0.29755006340865275,0.8987583636286469,0.8987583636286474,1,5,4.440892098500626e-16,7.372054078302881e-10,5.578025229453812e-15,4.867957188965747e-19
tmhintqi,wavlm,0.01,min,1,9.271381644882827e-15,0.8987583636286469,0.8987583636286497,1,1,2.7755575615628914e-15,3.562298300747748e-06,9.271346355200919e-15,2.7709742422906942e-11
tmhintqi,wavlm,0.01,max,1,0.43874967708671453,0.8987583636286469,0.8987583636286474,1,6,4.440892098500626e-16,2.241922203438662e-10,6.631575332813891e-15,4.068608450055302e-20
tmhintqi,beats,0.01,min,1,0.014622482710589128,0.8987583636286469,0.8987583636286532,1,4,6.328271240363392e-15,2.2276160027701053e-08,9.11727112932001e-14,4.75916484569589e-16
tmhintqi,beats,0.01,max,1,0.5256131406888047,0.8987583636286469,0.89875836362865,1,5,3.1086244689504383e-15,8.723833655466251e-09,4.416264509211494e-14,5.563950711158521e-17
tmhintqi,auditory_erb,0.01,min,1,6.752176078596859e-19,0.8987583636286469,0.8898597659689573,0,4,0.0,4.88281250000001e-06,6.752192563401738e-19,5.3644180297851535e-11
tmhintqi,auditory_erb,0.01,max,1,0.07954312646109828,0.8987583636286469,0.8987583636286482,1,4,1.3322676295501878e-15,5.237500655397298e-09,9.050923239266684e-15,2.1528439378626005e-17
tmhintqi,speaker,0.01,min,1,2.6714741530042824e-16,0.8987583636286469,0.8901748306282034,0,1,0.0,1.369378133803823e-17,2.6714741530042824e-16,8.438384130030185e-34
tmhintqi,speaker,0.01,max,1,0.21763104315334023,0.8987583636286469,0.8987583636286474,1,4,4.440892098500626e-16,6.555334053359729e-11,5.137084818936969e-15,4.061513195665553e-21
tmhintqi,rmvpe_cont,0.01,min,1,8.985656376718639e-18,0.8987583636286469,0.8898597659689573,0,4,0.0,4.882812500000006e-06,8.985678314356279e-18,5.364418029785156e-11
tmhintqi,rmvpe_cont,0.01,max,1,0.08443135830166049,0.8987583636286469,0.8987583636286685,1,4,2.1538326677728037e-14,6.738400193384564e-08,1.5130409568510482e-13,3.493131692078076e-15
tmhintqi,rmvpe_quant,0.01,min,1,9.736531232124875e-18,0.8987583636286469,0.8898597659689573,0,4,0.0,3.3306690738754696e-16,9.736531232124872e-18,7.892943236838199e-32
tmhintqi,rmvpe_quant,0.01,max,1,0.0696351995557829,0.8987583636286469,0.8987583636286528,1,4,5.88418203051333e-15,3.169664863911237e-09,2.989981011436952e-14,8.080567826237536e-18
tmhintqi,ced,0.01,min,1,0.019641218227078948,0.8987583636286469,0.898758363628647,1,3,1.1102230246251565e-16,1.1729182070041588e-09,1.6499770976853886e-15,1.5717701086217112e-18
tmhintqi,ced,0.01,max,1,0.546826821846162,0.8987583636286469,0.8987583636286486,1,5,1.6653345369377348e-15,3.721414354451724e-08,2.4499060573067675e-14,1.3442799370413814e-15
tmhintqi,egemaps,0.01,min,1,0.0,0.8987583636286469,0.8898597659689573,0,4,0.0,4.882812500000003e-06,7.131248461028958e-23,5.3644180297851516e-11
tmhintqi,egemaps,0.01,max,1,0.18661357451843008,0.8987583636286469,0.8987583636286471,1,4,2.220446049250313e-16,2.6765136773576614e-09,2.6170008838784985e-15,6.03358990983139e-18
