dataset,feature,relative_mse_tolerance,optimal_weight,optimal_oof_mse,mse_threshold,weight_min,loss_min,success_min,message_min,weight_max,loss_max,success_max,message_max,range_width
brspeech,whisper,0.001,0.029800554611090213,1.0100058839986732,1.0110158898826718,0.0049252328764054516,1.0110158898826718,True,Optimization terminated successfully,0.05467588732639618,1.0110158898826744,True,Optimization terminated successfully,0.04975065444999073
brspeech,contentvec12,0.001,0.15322888296055243,1.0100058839986732,1.0110158898826718,0.12254529424207174,1.0110158898826724,True,Optimization terminated successfully,0.18391255837900797,1.0110158898828723,True,Optimization terminated successfully,0.06136726413693623
brspeech,wavlm,0.001,0.30208496249865846,1.0100058839986732,1.0110158898826718,0.268476079511715,1.011015889882676,True,Optimization terminated successfully,0.33569380731328297,1.011015889882673,True,Optimization terminated successfully,0.06721772780156798
brspeech,beats,0.001,0.0,1.0100058839986732,1.0110158898826718,0.0,1.0100058839986732,True,Optimization terminated successfully,0.0018969470158207032,1.0110158898826727,True,Optimization terminated successfully,0.0018969470158207032
brspeech,auditory_erb,0.001,0.0,1.0100058839986732,1.0110158898826718,0.0,1.0100058839986732,True,Optimization terminated successfully,0.0008759486906927052,1.011015889883122,True,Optimization terminated successfully,0.0008759486906927052
brspeech,speaker,0.001,0.0,1.0100058839986732,1.0110158898826718,0.0,1.0100058839986732,True,Optimization terminated successfully,0.020742785998497305,1.011015889882685,True,Optimization terminated successfully,0.020742785998497305
brspeech,rmvpe_cont,0.001,1.0752041679566011e-16,1.0100058839986732,1.0110158898826718,1.0752041679566011e-16,1.0100058839986732,True,Optimization terminated successfully,0.0068828571072144466,1.0110158898830743,True,Optimization terminated successfully,0.006882857107214339
brspeech,rmvpe_quant,0.001,2.4389447492650103e-16,1.0100058839986732,1.0110158898826718,2.4389447492650103e-16,1.0100058839986732,True,Optimization terminated successfully,0.0016577100722571755,1.0110158898826769,True,Optimization terminated successfully,0.0016577100722569315
brspeech,ced,0.001,1.67055960525666e-16,1.0100058839986732,1.0110158898826718,1.67055960525666e-16,1.0100058839986732,True,Optimization terminated successfully,0.015735635718978885,1.0110158898828305,True,Optimization terminated successfully,0.015735635718978718
brspeech,egemaps,0.001,0.5148855999296984,1.0100058839986732,1.0110158898826718,0.4789970680417125,1.011015889882674,True,Optimization terminated successfully,0.5502711476850562,1.0110158898826813,True,Optimization terminated successfully,0.07127407964334376
brspeech,whisper,0.005,0.029800554611090213,1.0100058839986732,1.0150559134186665,9.581166739515142e-16,1.0150559134186659,True,Optimization terminated successfully,0.0854234827389924,1.0150559134186707,True,Optimization terminated successfully,0.08542348273899145
brspeech,contentvec12,0.005,0.15322888296055243,1.0100058839986732,1.0150559134186665,0.08461823921080736,1.0150559134186674,True,Optimization terminated successfully,0.22183961340724348,1.0150559134186692,True,Optimization terminated successfully,0.13722137419643612
brspeech,wavlm,0.005,0.30208496249865846,1.0100058839986732,1.0150559134186665,0.2269332390838072,1.0150559134186787,True,Optimization terminated successfully,0.377236647741113,1.0150559134186667,True,Optimization terminated successfully,0.1503034086573058
brspeech,beats,0.005,0.0,1.0100058839986732,1.0150559134186665,0.0,1.0100058839986732,True,Optimization terminated successfully,0.00916917257642726,1.0150559134186725,True,Optimization terminated successfully,0.00916917257642726
brspeech,auditory_erb,0.005,0.0,1.0100058839986732,1.0150559134186665,0.0,1.0100058839986732,True,Optimization terminated successfully,0.0043186900208437295,1.0150559134186699,True,Optimization terminated successfully,0.0043186900208437295
brspeech,speaker,0.005,0.0,1.0100058839986732,1.0150559134186665,0.0,1.0100058839986732,True,Optimization terminated successfully,0.06692512024919343,1.015055913418761,True,Optimization terminated successfully,0.06692512024919343
brspeech,rmvpe_cont,0.005,1.0752041679566011e-16,1.0100058839986732,1.0150559134186665,1.0752041679566011e-16,1.0100058839986732,True,Optimization terminated successfully,0.03172451934641584,1.0150559134186885,True,Optimization terminated successfully,0.031724519346415736
brspeech,rmvpe_quant,0.005,2.4389447492650103e-16,1.0100058839986732,1.0150559134186665,2.4389447492650103e-16,1.0100058839986732,True,Optimization terminated successfully,0.008073461616188889,1.015055913418721,True,Optimization terminated successfully,0.008073461616188644
brspeech,ced,0.005,1.67055960525666e-16,1.0100058839986732,1.0150559134186665,1.67055960525666e-16,1.0100058839986732,True,Optimization terminated successfully,0.055168046990997456,1.0150559134186896,True,Optimization terminated successfully,0.05516804699099729
brspeech,egemaps,0.005,0.5148855999296984,1.0100058839986732,1.0150559134186665,0.42351956810399843,1.0150559134186832,True,Optimization terminated successfully,0.5940101269079731,1.015055913418679,True,Optimization terminated successfully,0.17049055880397462
brspeech,whisper,0.01,0.029800554611090213,1.0100058839986732,1.0201059428386599,9.367506770274758e-16,1.0199545033116708,True,Optimization terminated successfully,0.10846325167427613,1.0201059428386614,True,Optimization terminated successfully,0.1084632516742752
brspeech,contentvec12,0.01,0.15322888296055243,1.0100058839986732,1.0201059428386599,0.05619876209100474,1.0201059428386612,True,Optimization terminated successfully,0.25025909052713236,1.0201059428386792,True,Optimization terminated successfully,0.1940603284361276
brspeech,wavlm,0.01,0.30208496249865846,1.0100058839986732,1.0201059428386599,0.19580438391526903,1.0201059428387131,True,Optimization terminated successfully,0.4083655029095784,1.0201059428386827,True,Optimization terminated successfully,0.21256111899430938
brspeech,beats,0.01,0.0,1.0100058839986732,1.0201059428386599,0.0,1.0100058839986732,True,Optimization terminated successfully,0.017653149606256364,1.0201059428387196,True,Optimization terminated successfully,0.017653149606256364
brspeech,auditory_erb,0.01,0.0,1.0100058839986732,1.0201059428386599,0.0,1.0100058839986732,True,Optimization terminated successfully,0.008493789658858488,1.0201059428386792,True,Optimization terminated successfully,0.008493789658858488
brspeech,speaker,0.01,0.0,1.0100058839986732,1.0201059428386599,0.0,1.0100058839986732,True,Optimization terminated successfully,0.10411272157578548,1.0201059428390566,True,Optimization terminated successfully,0.10411272157578548
brspeech,rmvpe_cont,0.01,1.0752041679566011e-16,1.0100058839986732,1.0201059428386599,1.0752041679566011e-16,1.0100058839986732,True,Optimization terminated successfully,0.05851643033306382,1.0201059428386665,True,Optimization terminated successfully,0.05851643033306372
brspeech,rmvpe_quant,0.01,2.4389447492650103e-16,1.0100058839986732,1.0201059428386599,2.4389447492650103e-16,1.0100058839986732,True,Optimization terminated successfully,0.015665837085569536,1.02010594283876,True,Optimization terminated successfully,0.015665837085569293
brspeech,ced,0.01,1.67055960525666e-16,1.0100058839986732,1.0201059428386599,1.67055960525666e-16,1.0100058839986732,True,Optimization terminated successfully,0.0882305251588468,1.0201059428386632,True,Optimization terminated successfully,0.08823052515884663
brspeech,egemaps,0.01,0.5148855999296984,1.0100058839986732,1.0201059428386599,0.37710281171999904,1.0201059428387023,True,Optimization terminated successfully,0.6266167477061011,1.0201059428386612,True,Optimization terminated successfully,0.24951393598610205
bvcc,whisper,0.001,0.24948356301409794,0.24861974022401373,0.24886835996423773,0.21367550704598995,0.2488683599642425,True,Optimization terminated successfully,0.28529131851733097,0.24886835996423867,True,Optimization terminated successfully,0.07161581147134102
bvcc,contentvec12,0.001,0.0613866786806005,0.24861974022401373,0.24886835996423773,0.02279699575000098,0.24886835996423792,True,Optimization terminated successfully,0.09997633202067217,0.2488683599642416,True,Optimization terminated successfully,0.0771793362706712
bvcc,wavlm,0.001,0.16720539555582242,0.24861974022401373,0.24886835996423773,0.12440292399539836,0.24886835996423848,True,Optimization terminated successfully,0.21000625145013857,0.2488683599642399,True,Optimization terminated successfully,0.08560332745474021
bvcc,beats,0.001,0.2002818567803441,0.24861974022401373,0.24886835996423773,0.16087823114146135,0.2488683599642382,True,Optimization terminated successfully,0.23968613570769454,0.2488683599642409,True,Optimization terminated successfully,0.07880790456623318
bvcc,auditory_erb,0.001,9.507640430464103e-18,0.24861974022401373,0.24886835996423773,9.507640430464103e-18,0.24861974022401373,True,Optimization terminated successfully,0.0027503761154085093,0.24886835996426865,True,Optimization terminated successfully,0.0027503761154084997
bvcc,speaker,0.001,0.09944090886036813,0.24861974022401373,0.24886835996423773,0.05913414217604344,0.24886835996423784,True,Optimization terminated successfully,0.13974822586767627,0.24886835996424012,True,Optimization terminated successfully,0.08061408369163284
bvcc,rmvpe_cont,0.001,0.0,0.24861974022401373,0.24886835996423773,0.0,0.24861974022401373,True,Optimization terminated successfully,0.003337307003803365,0.24886835996423926,True,Optimization terminated successfully,0.003337307003803365
bvcc,rmvpe_quant,0.001,1.8211870110457504e-18,0.24861974022401373,0.24886835996423773,1.8211870110457504e-18,0.24861974022401373,True,Optimization terminated successfully,0.0030185125784411068,0.24886835996427423,True,Optimization terminated successfully,0.003018512578441105
bvcc,ced,0.001,0.2222015971087669,0.24861974022401373,0.24886835996423773,0.17829175648481804,0.24886835996425613,True,Optimization terminated successfully,0.2661121798418158,0.24886835996423973,True,Optimization terminated successfully,0.08782042335699775
bvcc,egemaps,0.001,0.0,0.24861974022401373,0.24886835996423773,0.0,0.24861974022401373,True,Optimization terminated successfully,0.007479243259012575,0.2488683599642502,True,Optimization terminated successfully,0.007479243259012575
bvcc,whisper,0.005,0.24948356301409794,0.24861974022401373,0.24986283892513378,0.16941450144641532,0.24986283892514097,True,Optimization terminated successfully,0.32955232411692087,0.24986283892513392,True,Optimization terminated successfully,0.16013782267050555
bvcc,contentvec12,0.005,0.0613866786806005,0.24861974022401373,0.24986283892513378,3.3660611511276852e-15,0.24986283892516895,True,Optimization terminated successfully,0.14767578504172632,0.24986283892513475,True,Optimization terminated successfully,0.14767578504172296
bvcc,wavlm,0.005,0.16720539555582242,0.24861974022401373,0.24986283892513378,0.07149715810392483,0.24986283892513503,True,Optimization terminated successfully,0.26291201734148123,0.24986283892513428,True,Optimization terminated successfully,0.1914148592375564
bvcc,beats,0.005,0.2002818567803441,0.24861974022401373,0.24986283892513378,0.11217226756100901,0.24986283892513383,True,Optimization terminated successfully,0.28839209928793413,0.24986283892513383,True,Optimization terminated successfully,0.17621983172692512
bvcc,auditory_erb,0.005,9.507640430464103e-18,0.24861974022401373,0.24986283892513378,9.507640430464103e-18,0.24861974022401373,True,Optimization terminated successfully,0.013243438683101351,0.24986283892517092,True,Optimization terminated successfully,0.013243438683101343
bvcc,speaker,0.005,0.09944090886036813,0.24861974022401373,0.24986283892513378,0.00931189850673178,0.24986283892513525,True,Optimization terminated successfully,0.18957046953702036,0.24986283892514133,True,Optimization terminated successfully,0.18025857103028858
bvcc,rmvpe_cont,0.005,0.0,0.24861974022401373,0.24986283892513378,0.0,0.24861974022401373,True,Optimization terminated successfully,0.01565743519436313,0.24986283892513425,True,Optimization terminated successfully,0.01565743519436313
bvcc,rmvpe_quant,0.005,1.8211870110457504e-18,0.24861974022401373,0.24986283892513378,1.8211870110457504e-18,0.24861974022401373,True,Optimization terminated successfully,0.014233674104532123,0.24986283892514663,True,Optimization terminated successfully,0.01423367410453212
bvcc,ced,0.005,0.2222015971087669,0.24861974022401373,0.24986283892513378,0.12401574997261382,0.24986283892513428,True,Optimization terminated successfully,0.32038818635557154,0.24986283892513647,True,Optimization terminated successfully,0.1963724363829577
bvcc,egemaps,0.005,0.0,0.24861974022401373,0.24986283892513378,0.0,0.24861974022401373,True,Optimization terminated successfully,0.03197397503776055,0.24986283892513397,True,Optimization terminated successfully,0.03197397503776055
bvcc,whisper,0.01,0.24948356301409794,0.24861974022401373,0.2511059376262539,0.13624887245094666,0.25110593762625394,True,Optimization terminated successfully,0.36271795311261457,0.25110593762625405,True,Optimization terminated successfully,0.2264690806616679
bvcc,contentvec12,0.01,0.0613866786806005,0.24861974022401373,0.2511059376262539,0.0,0.2511059376262538,True,Optimization terminated successfully,0.18341790930600674,0.2511059376262577,True,Optimization terminated successfully,0.18341790930600674
bvcc,wavlm,0.01,0.16720539555582242,0.24861974022401373,0.2511059376262539,0.03185384274027884,0.25110593762626277,True,Optimization terminated successfully,0.3025553327050761,0.25110593762626005,True,Optimization terminated successfully,0.27070148996479726
bvcc,beats,0.01,0.2002818567803441,0.24861974022401373,0.2511059376262539,0.07567594543474737,0.2511059376262624,True,Optimization terminated successfully,0.3248884214143844,0.25110593762626987,True,Optimization terminated successfully,0.24921247597963703
bvcc,auditory_erb,0.01,9.507640430464103e-18,0.24861974022401373,0.2511059376262539,9.507640430464103e-18,0.24861974022401373,True,Optimization terminated successfully,0.02539902508058174,0.2511059376262673,True,Optimization terminated successfully,0.02539902508058173
bvcc,speaker,0.01,0.09944090886036813,0.24861974022401373,0.2511059376262539,0.0,0.2511059376262538,True,Optimization terminated successfully,0.22690324195983783,0.25110593762625405,True,Optimization terminated successfully,0.22690324195983783
bvcc,rmvpe_cont,0.01,0.0,0.24861974022401373,0.2511059376262539,0.0,0.24861974022401373,True,Optimization terminated successfully,0.02931144357159403,0.25110593762629596,True,Optimization terminated successfully,0.02931144357159403
bvcc,rmvpe_quant,0.01,1.8211870110457504e-18,0.24861974022401373,0.2511059376262539,1.8211870110457504e-18,0.24861974022401373,True,Optimization terminated successfully,0.02676537815129874,0.251105937626267,True,Optimization terminated successfully,0.026765378151298737
bvcc,ced,0.01,0.2222015971087669,0.24861974022401373,0.2511059376262539,0.0833456867642422,0.2511059376262539,True,Optimization terminated successfully,0.36105824956392857,0.25110593762625644,True,Optimization terminated successfully,0.27771256279968637
bvcc,egemaps,0.01,0.0,0.24861974022401373,0.2511059376262539,0.0,0.24861974022401373,True,Optimization terminated successfully,0.055988894818737686,0.2511059376262539,True,Optimization terminated successfully,0.055988894818737686
singmos,whisper,0.001,0.10357329591730867,0.36310926544730004,0.3634723747127473,0.07328008906557405,0.3634723747127502,True,Optimization terminated successfully,0.1338664059962006,0.36347237471275445,True,Optimization terminated successfully,0.060586316930626535
singmos,contentvec12,0.001,0.07613557020214737,0.36310926544730004,0.3634723747127473,0.04396192516361843,0.36347237471274907,True,Optimization terminated successfully,0.10830875975597315,0.36347237471274846,True,Optimization terminated successfully,0.06434683459235471
singmos,wavlm,0.001,0.21563143211779648,0.36310926544730004,0.3634723747127473,0.1715656470483827,0.3634723747127473,True,Optimization terminated successfully,0.2596977903615009,0.3634723747127476,True,Optimization terminated successfully,0.08813214331311822
singmos,beats,0.001,0.15254464477124435,0.36310926544730004,0.3634723747127473,0.11387032678410057,0.3634723747127503,True,Optimization terminated successfully,0.19121935386714012,0.3634723747127476,True,Optimization terminated successfully,0.07734902708303955
singmos,auditory_erb,0.001,4.6821996090747595e-18,0.36310926544730004,0.3634723747127473,4.6821996090747595e-18,0.36310926544730004,True,Optimization terminated successfully,0.01764954773510577,0.36347237471275584,True,Optimization terminated successfully,0.017649547735105766
singmos,speaker,0.001,0.007803350716646459,0.36310926544730004,0.3634723747127473,0.0,0.3631856747538137,True,Optimization terminated successfully,0.053435952749346656,0.3634723747127541,True,Optimization terminated successfully,0.053435952749346656
singmos,rmvpe_cont,0.001,1.1332824378229708e-17,0.36310926544730004,0.3634723747127473,1.1332824378229708e-17,0.36310926544730004,True,Optimization terminated successfully,0.008294885903418025,0.36347237471278265,True,Optimization terminated successfully,0.008294885903418012
singmos,rmvpe_quant,0.001,4.9176813858563555e-18,0.36310926544730004,0.3634723747127473,4.9176813858563555e-18,0.36310926544730004,True,Optimization terminated successfully,0.016237535632066195,0.36347237471276167,True,Optimization terminated successfully,0.016237535632066192
singmos,ced,0.001,0.2313996295974325,0.36310926544730004,0.3634723747127473,0.18314863078834948,0.36347237471275035,True,Optimization terminated successfully,0.27964939758854007,0.36347237471274746,True,Optimization terminated successfully,0.0965007668001906
singmos,egemaps,0.001,0.2129120766774242,0.36310926544730004,0.3634723747127473,0.16064510240421262,0.3634723747127475,True,Optimization terminated successfully,0.2631998718552355,0.3634723747127483,True,Optimization terminated successfully,0.1025547694510229
singmos,whisper,0.005,0.10357329591730867,0.36310926544730004,0.3649248117745365,0.0358356859526861,0.3649248117745577,True,Optimization terminated successfully,0.17131080910887014,0.364924811774555,True,Optimization terminated successfully,0.13547512315618404
singmos,contentvec12,0.005,0.07613557020214737,0.36310926544730004,0.3649248117745365,0.0041933943208609424,0.3649248117745369,True,Optimization terminated successfully,0.1480490782012972,0.36492481177453945,True,Optimization terminated successfully,0.14385568388043626
singmos,wavlm,0.005,0.21563143211779648,0.36310926544730004,0.3649248117745365,0.11709698698446411,0.3649248117745376,True,Optimization terminated successfully,0.31411346709837873,0.3649248117745368,True,Optimization terminated successfully,0.19701648011391462
singmos,beats,0.005,0.15254464477124435,0.36310926544730004,0.3649248117745365,0.06606599905465482,0.3649248117745379,True,Optimization terminated successfully,0.23897642370027913,0.36492481177454633,True,Optimization terminated successfully,0.1729104246456243
singmos,auditory_erb,0.005,4.6821996090747595e-18,0.36310926544730004,0.3649248117745365,4.6821996090747595e-18,0.36310926544730004,True,Optimization terminated successfully,0.06736048857989327,0.36492481177454794,True,Optimization terminated successfully,0.06736048857989327
singmos,speaker,0.005,0.007803350716646459,0.36310926544730004,0.3649248117745365,0.0,0.3631856747538137,True,Optimization terminated successfully,0.10984124942345423,0.3649248117745398,True,Optimization terminated successfully,0.10984124942345423
singmos,rmvpe_cont,0.005,1.1332824378229708e-17,0.36310926544730004,0.3649248117745365,1.1332824378229708e-17,0.36310926544730004,True,Optimization terminated successfully,0.037065289945795346,0.36492481177454045,True,Optimization terminated successfully,0.03706528994579533
singmos,rmvpe_quant,0.005,4.9176813858563555e-18,0.36310926544730004,0.3649248117745365,4.9176813858563555e-18,0.36310926544730004,True,Optimization terminated successfully,0.05062251344967982,0.3649248117745594,True,Optimization terminated successfully,0.050622513449679815
singmos,ced,0.005,0.2313996295974325,0.36310926544730004,0.3649248117745365,0.12350711976252092,0.364924811774545,True,Optimization terminated successfully,0.33872672614409355,0.36492481177461494,True,Optimization terminated successfully,0.21521960638157261
singmos,egemaps,0.005,0.2129120766774242,0.36310926544730004,0.3649248117745365,0.09603952181958043,0.3649248117745395,True,Optimization terminated successfully,0.32181749086088307,0.36492481177454245,True,Optimization terminated successfully,0.22577796904130265
singmos,whisper,0.01,0.10357329591730867,0.36310926544730004,0.366740358101773,0.0077778692661035955,0.366740358101773,True,Optimization terminated successfully,0.1993613775331389,0.3667403581017902,True,Optimization terminated successfully,0.1915835082670353
singmos,contentvec12,0.01,0.07613557020214737,0.36310926544730004,0.366740358101773,4.163336342344337e-17,0.3658379583492108,True,Optimization terminated successfully,0.17774715686691328,0.36674035810177363,True,Optimization terminated successfully,0.17774715686691323
singmos,wavlm,0.01,0.21563143211779648,0.36310926544730004,0.366740358101773,0.07628256474197585,0.366740358101773,True,Optimization terminated successfully,0.3547683042567299,0.366740358101773,True,Optimization terminated successfully,0.278485739514754
singmos,beats,0.01,0.15254464477124435,0.36310926544730004,0.366740358101773,0.03024529014263019,0.36674035810177735,True,Optimization terminated successfully,0.27465603004910405,0.3667403581017752,True,Optimization terminated successfully,0.24441073990647386
singmos,auditory_erb,0.01,4.6821996090747595e-18,0.36310926544730004,0.366740358101773,4.6821996090747595e-18,0.36310926544730004,True,Optimization terminated successfully,0.1107659731866859,0.3667403581017785,True,Optimization terminated successfully,0.1107659731866859
singmos,speaker,0.01,0.007803350716646459,0.36310926544730004,0.366740358101773,0.0,0.3631856747538137,True,Optimization terminated successfully,0.15210683099789005,0.36674035810177336,True,Optimization terminated successfully,0.15210683099789005
singmos,rmvpe_cont,0.01,1.1332824378229708e-17,0.36310926544730004,0.366740358101773,1.1332824378229708e-17,0.36310926544730004,True,Optimization terminated successfully,0.0662887661447165,0.3667403581017732,True,Optimization terminated successfully,0.06628876614471649
singmos,rmvpe_quant,0.01,4.9176813858563555e-18,0.36310926544730004,0.366740358101773,4.9176813858563555e-18,0.36310926544730004,True,Optimization terminated successfully,0.07774503151476443,0.3667403581017773,True,Optimization terminated successfully,0.07774503151476443
singmos,ced,0.01,0.2313996295974325,0.36310926544730004,0.366740358101773,0.07881658007710304,0.36674035810179306,True,Optimization terminated successfully,0.3827946822369194,0.366740358101778,True,Optimization terminated successfully,0.30397810215981635
singmos,egemaps,0.01,0.2129120766774242,0.36310926544730004,0.366740358101773,0.04576232371721679,0.36674035810177424,True,Optimization terminated successfully,0.36554253266592157,0.36674035810177336,True,Optimization terminated successfully,0.3197802089487048
tmhintqi,whisper,0.001,0.19219087392703943,0.8898597659689573,0.8907496257349262,0.12444225602036986,0.8907496257358318,True,Optimization terminated successfully,0.25993920325374437,0.8907496257353484,True,Optimization terminated successfully,0.13549694723337452
tmhintqi,contentvec12,0.001,0.07161319808488494,0.8898597659689573,0.8907496257349262,2.1986030401465685e-15,0.890749625734926,True,Optimization terminated successfully,0.14415044136569038,0.8907496257349268,True,Optimization terminated successfully,0.1441504413656882
tmhintqi,wavlm,0.001,0.16968607164707683,0.8898597659689573,0.8907496257349262,0.08435952747219302,0.8907496257349432,True,Optimization terminated successfully,0.255013166025458,0.8907496257349395,True,Optimization terminated successfully,0.17065363855326496
tmhintqi,beats,0.001,0.27102988535086076,0.8898597659689573,0.8907496257349262,0.1899470641201539,0.8907496257349353,True,Optimization terminated successfully,0.3521136393495532,0.8907496257349284,True,Optimization terminated successfully,0.16216657522939928
tmhintqi,auditory_erb,0.001,6.752176078596859e-19,0.8898597659689573,0.8907496257349262,6.752176078596859e-19,0.8898597659689573,True,Optimization terminated successfully,0.010707870785751866,0.8907496257349337,True,Optimization terminated successfully,0.010707870785751866
tmhintqi,speaker,0.001,0.011758799504837315,0.8898597659689573,0.8907496257349262,2.6714741530042824e-16,0.8901748306282034,True,Optimization terminated successfully,0.07686122699787451,0.8907496257349279,True,Optimization terminated successfully,0.07686122699787425
tmhintqi,rmvpe_cont,0.001,8.985656376718639e-18,0.8898597659689573,0.8907496257349262,8.985656376718639e-18,0.8898597659689573,True,Optimization terminated successfully,0.011817555113869909,0.8907496257349429,True,Optimization terminated successfully,0.0118175551138699
tmhintqi,rmvpe_quant,0.001,9.736531232124875e-18,0.8898597659689573,0.8907496257349262,9.736531232124875e-18,0.8898597659689573,True,Optimization terminated successfully,0.012280279910619063,0.8907496257349525,True,Optimization terminated successfully,0.012280279910619052
tmhintqi,ced,0.001,0.28372117148530085,0.8898597659689573,0.8907496257349262,0.20021615142409294,0.8907496257349266,True,Optimization terminated successfully,0.36722638459027457,0.8907496257349276,True,Optimization terminated successfully,0.16701023316618163
tmhintqi,egemaps,0.001,0.0,0.8898597659689573,0.8907496257349262,0.0,0.8898597659689573,True,Optimization terminated successfully,0.04487157388913955,0.8907496257349269,True,Optimization terminated successfully,0.04487157388913955
tmhintqi,whisper,0.005,0.19219087392703943,0.8898597659689573,0.894309064798802,0.040700537330208085,0.8943090647988031,True,Optimization terminated successfully,0.34321466704825443,0.8943090647988023,True,Optimization terminated successfully,0.30251412971804637
tmhintqi,contentvec12,0.005,0.07161319808488494,0.8898597659689573,0.894309064798802,0.0,0.8926741821131499,True,Optimization terminated successfully,0.23203127401086993,0.8943090647988157,True,Optimization terminated successfully,0.23203127401086993
tmhintqi,wavlm,0.005,0.16968607164707683,0.8898597659689573,0.894309064798802,1.1172811417251123e-15,0.8943090647988479,True,Optimization terminated successfully,0.36026330229206266,0.8943090647988022,True,Optimization terminated successfully,0.36026330229206155
tmhintqi,beats,0.005,0.27102988535086076,0.8898597659689573,0.894309064798802,0.08972260879727044,0.8943090647988077,True,Optimization terminated successfully,0.4515090083054053,0.8943090647988026,True,Optimization terminated successfully,0.36178639950813485
tmhintqi,auditory_erb,0.005,6.752176078596859e-19,0.8898597659689573,0.894309064798802,6.752176078596859e-19,0.8898597659689573,True,Optimization terminated successfully,0.04585731367787735,0.8943090647988106,True,Optimization terminated successfully,0.04585731367787735
tmhintqi,speaker,0.005,0.011758799504837315,0.8898597659689573,0.894309064798802,2.6714741530042824e-16,0.8901748306282034,True,Optimization terminated successfully,0.15733241955212007,0.8943090647988041,True,Optimization terminated successfully,0.1573324195521198
tmhintqi,rmvpe_cont,0.005,8.985656376718639e-18,0.8898597659689573,0.894309064798802,8.985656376718639e-18,0.8898597659689573,True,Optimization terminated successfully,0.04935780558466435,0.8943090647988026,True,Optimization terminated successfully,0.04935780558466434
tmhintqi,rmvpe_quant,0.005,9.736531232124875e-18,0.8898597659689573,0.894309064798802,9.736531232124875e-18,0.8898597659689573,True,Optimization terminated successfully,0.043590046115723154,0.8943090647988119,True,Optimization terminated successfully,0.04359004611572315
tmhintqi,ced,0.005,0.28372117148530085,0.8898597659689573,0.894309064798802,0.0969981508659419,0.8943090647988088,True,Optimization terminated successfully,0.4700900457347317,0.8943090647988048,True,Optimization terminated successfully,0.3730918948687898
tmhintqi,egemaps,0.005,0.0,0.8898597659689573,0.894309064798802,0.0,0.8898597659689573,True,Optimization terminated successfully,0.12531986248229707,0.8943090647988179,True,Optimization terminated successfully,0.12531986248229707
tmhintqi,whisper,0.01,0.19219087392703943,0.8898597659689573,0.8987583636286469,0.0,0.8987583636286689,True,Optimization terminated successfully,0.40531249284033,0.8987583636286487,True,Optimization terminated successfully,0.40531249284033
tmhintqi,contentvec12,0.01,0.07161319808488494,0.8898597659689573,0.8987583636286469,0.0,0.8926741821131499,True,Optimization terminated successfully,0.29755006340865275,0.8987583636286474,True,Optimization terminated successfully,0.29755006340865275
tmhintqi,wavlm,0.01,0.16968607164707683,0.8898597659689573,0.8987583636286469,9.271381644882827e-15,0.8987583636286497,True,Optimization terminated successfully,0.43874967708671453,0.8987583636286474,True,Optimization terminated successfully,0.43874967708670526
tmhintqi,beats,0.01,0.27102988535086076,0.8898597659689573,0.8987583636286469,0.014622482710589128,0.8987583636286532,True,Optimization terminated successfully,0.5256131406888047,0.89875836362865,True,Optimization terminated successfully,0.5109906579782156
tmhintqi,auditory_erb,0.01,6.752176078596859e-19,0.8898597659689573,0.8987583636286469,6.752176078596859e-19,0.8898597659689573,True,Optimization terminated successfully,0.07954312646109828,0.8987583636286482,True,Optimization terminated successfully,0.07954312646109828
tmhintqi,speaker,0.01,0.011758799504837315,0.8898597659689573,0.8987583636286469,2.6714741530042824e-16,0.8901748306282034,True,Optimization terminated successfully,0.21763104315334023,0.8987583636286474,True,Optimization terminated successfully,0.21763104315333995
tmhintqi,rmvpe_cont,0.01,8.985656376718639e-18,0.8898597659689573,0.8987583636286469,8.985656376718639e-18,0.8898597659689573,True,Optimization terminated successfully,0.08443135830166049,0.8987583636286685,True,Optimization terminated successfully,0.08443135830166047
tmhintqi,rmvpe_quant,0.01,9.736531232124875e-18,0.8898597659689573,0.8987583636286469,9.736531232124875e-18,0.8898597659689573,True,Optimization terminated successfully,0.0696351995557829,0.8987583636286528,True,Optimization terminated successfully,0.06963519955578289
tmhintqi,ced,0.01,0.28372117148530085,0.8898597659689573,0.8987583636286469,0.019641218227078948,0.898758363628647,True,Optimization terminated successfully,0.546826821846162,0.8987583636286486,True,Optimization terminated successfully,0.5271856036190831
tmhintqi,egemaps,0.01,0.0,0.8898597659689573,0.8987583636286469,0.0,0.8898597659689573,True,Optimization terminated successfully,0.18661357451843008,0.8987583636286471,True,Optimization terminated successfully,0.18661357451843008
