dataset,spec,feature,median_weight,ci95_low,ci95_high,probability_zero
brspeech,basic,auditory_erb,3.3251708916609406e-17,0.0,0.6201576919982121,0.79
brspeech,basic,egemaps,0.7523712434236649,0.12261149714790204,0.9999999999999994,0.02
brspeech,basic,rmvpe_cont,7.42461647718052e-15,0.0,0.5852273464398849,0.51
brspeech,basic,rmvpe_quant,1.4923786808655812e-17,0.0,0.1283692194223203,0.79
brspeech,basic,speaker,0.08343476191954036,0.0,0.5621400559543579,0.33
brspeech,core,contentvec12,0.27470536663507483,2.9245116185745676e-17,0.5378343579752042,0.04
brspeech,core,rmvpe_cont,0.31904198691626645,1.7950361746932158e-17,0.7710771030812054,0.12
brspeech,core,rmvpe_quant,4.176872987632645e-17,0.0,0.22061632873398257,0.67
brspeech,core,speaker,0.26924725747460276,0.03461762525699951,0.8833457823964663,0.01
brspeech,core_plus_beats,beats,0.06193571472238597,0.0,0.34270899333862903,0.43
brspeech,core_plus_beats,contentvec12,0.2432657652833709,6.588401528104114e-18,0.49097028191687603,0.04
brspeech,core_plus_beats,rmvpe_cont,0.31300314373927585,0.0,0.679694689848815,0.16
brspeech,core_plus_beats,rmvpe_quant,7.319731166649093e-17,0.0,0.18665719782311968,0.71
brspeech,core_plus_beats,speaker,0.2596898945838554,3.030678922192212e-17,0.7986701808291884,0.04
brspeech,core_plus_ced,ced,0.21655329612062402,0.0,0.45917155940940846,0.24
brspeech,core_plus_ced,contentvec12,0.2391410115607447,0.007909518950301746,0.4726509778611505,0.01
brspeech,core_plus_ced,rmvpe_cont,0.18905497318820705,0.0,0.7648610085804775,0.19
brspeech,core_plus_ced,rmvpe_quant,5.13208527714112e-17,0.0,0.2159556434564362,0.72
brspeech,core_plus_ced,speaker,0.1897964183850204,0.014458589233234313,0.8652436901006373,0.03
brspeech,full,auditory_erb,2.125510067126459e-17,0.0,0.41264858530551635,0.83
brspeech,full,beats,0.012071125445310363,0.0,0.2127360386869143,0.47
brspeech,full,ced,1.7861799519742876e-16,0.0,0.21679877216022772,0.54
brspeech,full,contentvec12,0.07505218131231257,0.0,0.23419281203730483,0.19
brspeech,full,egemaps,0.43296904771081446,0.031105474097441334,0.8463779382024419,0.02
brspeech,full,rmvpe_cont,4.787249293421396e-17,0.0,0.4116699115393574,0.69
brspeech,full,rmvpe_quant,3.912324084125935e-17,0.0,0.09590789662303871,0.77
brspeech,full,speaker,0.006252735034456991,0.0,0.45041980885588107,0.46
brspeech,full,wavlm,0.12629085644331065,0.0,0.48087405692774277,0.24
brspeech,full,whisper,0.030080797025842744,0.0,0.12650788709879193,0.29
bvcc,basic,auditory_erb,0.0,0.0,2.519156055999416e-17,1.0
bvcc,basic,egemaps,0.2639586704001091,0.16185429254585199,0.36286354172091134,0.0
bvcc,basic,rmvpe_cont,5.995779646805415e-18,0.0,0.044990342237409116,0.67
bvcc,basic,rmvpe_quant,1.4244874213075197e-18,0.0,0.023689565726453768,0.86
bvcc,basic,speaker,0.7274667101206427,0.6371364582790886,0.8273784437567261,0.0
bvcc,core,contentvec12,0.3699962085610863,0.2922237716440552,0.44599405923797836,0.0
bvcc,core,rmvpe_cont,0.02684188317290799,0.0,0.0764252131129056,0.09
bvcc,core,rmvpe_quant,1.3321710677942009e-18,0.0,0.0288899543502022,0.74
bvcc,core,speaker,0.5912737677692101,0.5150966541724912,0.6760778547182691,0.0
bvcc,core_plus_beats,beats,0.36803809141967797,0.2829133991623852,0.4530073260319903,0.0
bvcc,core_plus_beats,contentvec12,0.25151670847573904,0.185689074597109,0.346439966459055,0.0
bvcc,core_plus_beats,rmvpe_cont,1.5507055681858103e-18,0.0,0.028139467962372655,0.86
bvcc,core_plus_beats,rmvpe_quant,0.0,0.0,0.009472546341763068,0.96
bvcc,core_plus_beats,speaker,0.37118422212924396,0.2978833457764026,0.4554576984687461,0.0
bvcc,core_plus_ced,ced,0.44555725914866595,0.3751651948982495,0.5306285308073642,0.0
bvcc,core_plus_ced,contentvec12,0.23832585704386355,0.16861403787446783,0.3125215638910063,0.0
bvcc,core_plus_ced,rmvpe_cont,1.2985015081408424e-18,0.0,2.492508929092556e-17,1.0
bvcc,core_plus_ced,rmvpe_quant,3.0027317980164947e-19,0.0,2.779635206295113e-17,0.99
bvcc,core_plus_ced,speaker,0.30580800173850187,0.2352000079028343,0.3841719943053932,0.0
bvcc,full,auditory_erb,6.387242190311938e-18,0.0,4.7323537864578904e-17,1.0
bvcc,full,beats,0.17843899363985177,0.09869267341885127,0.25907169698698285,0.0
bvcc,full,ced,0.23572330092792138,0.15341422357369058,0.3349998539195241,0.0
bvcc,full,contentvec12,0.06758579898577685,0.003874345861644184,0.1467283174767004,0.02
bvcc,full,egemaps,1.2191599981459811e-18,0.0,0.005028061359926515,0.94
bvcc,full,rmvpe_cont,9.17707258790831e-19,0.0,2.575332340070672e-17,1.0
bvcc,full,rmvpe_quant,4.108043619734352e-19,0.0,2.872061464537838e-17,1.0
bvcc,full,speaker,0.16170818814995624,0.0992703760791769,0.25765607911699523,0.0
bvcc,full,wavlm,0.16477772086063852,0.07151612451349953,0.2520632784379346,0.0
bvcc,full,whisper,0.18131761272035574,0.11462092707674072,0.24760964300386828,0.0
singmos,basic,auditory_erb,0.019126115644700348,0.0,0.3135569393788261,0.44
singmos,basic,egemaps,0.6047235836112176,0.4246218885981005,0.7606781899623174,0.0
singmos,basic,rmvpe_cont,2.9546919459055997e-18,0.0,0.11174387647688318,0.82
singmos,basic,rmvpe_quant,0.0653565154909795,2.2439173322187302e-18,0.16434301352131306,0.07
singmos,basic,speaker,0.24175945993596681,0.09921255071684758,0.3442149974534912,0.0
singmos,core,contentvec12,0.24744965201866398,0.14658550839660034,0.33118970733240893,0.0
singmos,core,rmvpe_cont,0.2072262096808304,0.02543448762173525,0.3830679728913435,0.01
singmos,core,rmvpe_quant,0.12468424638910611,0.030420867962098586,0.2547441201253319,0.01
singmos,core,speaker,0.4234262787422566,0.24138359684958055,0.5480279106552082,0.0
singmos,core_plus_beats,beats,0.28760995493919095,0.15021939355649203,0.41209006877793314,0.0
singmos,core_plus_beats,contentvec12,0.18969190941016323,0.1067834844806541,0.2772469275427288,0.0
singmos,core_plus_beats,rmvpe_cont,0.14987507659560942,0.003786499825445398,0.3086020975074013,0.03
singmos,core_plus_beats,rmvpe_quant,0.09179435038403191,0.00605342781384118,0.20264428290343242,0.02
singmos,core_plus_beats,speaker,0.2985560567870321,0.13187310647287706,0.429278208211951,0.0
singmos,core_plus_ced,ced,0.46952904004227675,0.29885353281076094,0.59461912610423,0.0
singmos,core_plus_ced,contentvec12,0.1653687336207112,0.08445988059009295,0.23622852745627074,0.0
singmos,core_plus_ced,rmvpe_cont,0.0922826650830143,0.0,0.2461382886844755,0.15
singmos,core_plus_ced,rmvpe_quant,0.05048041664844258,0.0,0.1537320161295051,0.14
singmos,core_plus_ced,speaker,0.21851233967377903,0.09041776968024694,0.3323241210367418,0.0
singmos,full,auditory_erb,5.714865120675759e-18,0.0,0.13651957327148284,0.73
singmos,full,beats,0.10389128794226915,0.0,0.21613847172943423,0.06
singmos,full,ced,0.229591724267798,0.07997702621902347,0.3301714779295315,0.0
singmos,full,contentvec12,0.06616946821951403,0.0021834522575975603,0.12949363288166424,0.01
singmos,full,egemaps,0.26314621681553013,0.11249330491569436,0.3842319565344861,0.0
singmos,full,rmvpe_cont,1.5043503666583387e-18,0.0,0.018966265105304518,0.93
singmos,full,rmvpe_quant,1.3432442865002645e-17,0.0,0.08877348230485059,0.54
singmos,full,speaker,0.03913410924603384,0.0,0.13811406356654773,0.23
singmos,full,wavlm,0.1858047767245117,0.08167946541312412,0.32368742103702713,0.0
singmos,full,whisper,0.08623619037338504,0.026126360809979723,0.16144705761337755,0.0
tmhintqi,basic,auditory_erb,4.203216394719198e-18,0.0,0.03249737449854131,0.94
tmhintqi,basic,egemaps,0.4689320368310317,0.31616562029480555,0.790728489558848,0.0
tmhintqi,basic,rmvpe_cont,0.0,0.0,5.323408466349915e-17,1.0
tmhintqi,basic,rmvpe_quant,4.6177581905639955e-18,0.0,0.008278757751677093,0.93
tmhintqi,basic,speaker,0.5310679631689681,0.2092715104411513,0.6777633947721033,0.0
tmhintqi,core,contentvec12,0.4854667919307788,0.30593482423025925,0.7328437102768777,0.0
tmhintqi,core,rmvpe_cont,1.6263032587282567e-18,0.0,0.021741393513963585,0.87
tmhintqi,core,rmvpe_quant,1.6696713456276768e-17,0.0,0.074051964648492,0.54
tmhintqi,core,speaker,0.5139770247768823,0.26715628972312194,0.6617385196105611,0.0
tmhintqi,core_plus_beats,beats,0.36033138903976303,0.2386215146168048,0.5904174363858299,0.0
tmhintqi,core_plus_beats,contentvec12,0.29214891252244096,0.20179551071688145,0.48425358542378777,0.0
tmhintqi,core_plus_beats,rmvpe_cont,1.0730054557139867e-18,0.0,2.383656592692005e-17,0.99
tmhintqi,core_plus_beats,rmvpe_quant,1.9017213154839127e-18,0.0,0.03704278181860481,0.73
tmhintqi,core_plus_beats,speaker,0.29867754079881215,0.06795989357600264,0.47435582333927895,0.0
tmhintqi,core_plus_ced,ced,0.5156551249488593,0.33261376066691606,0.701251828674826,0.0
tmhintqi,core_plus_ced,contentvec12,0.24433587504296284,0.1786021472400297,0.3308643424648746,0.0
tmhintqi,core_plus_ced,rmvpe_cont,0.0,0.0,4.353423770598002e-17,1.0
tmhintqi,core_plus_ced,rmvpe_quant,1.9359996800681102e-18,0.0,0.015359023055540526,0.92
tmhintqi,core_plus_ced,speaker,0.2219235836613208,0.017155419846446272,0.4252444129201106,0.01
tmhintqi,full,auditory_erb,0.0,0.0,4.118486477182813e-17,1.0
tmhintqi,full,beats,0.16657438218022752,0.012130327684577513,0.25786140766209675,0.02
tmhintqi,full,ced,0.24424842007221773,0.10964402491304691,0.4944331208901627,0.0
tmhintqi,full,contentvec12,0.11404197319015973,0.015860027092388606,0.19390432543747244,0.02
tmhintqi,full,egemaps,0.02228200148758134,0.0,0.09964198516366418,0.29
tmhintqi,full,rmvpe_cont,0.0,0.0,3.289701928334816e-17,1.0
tmhintqi,full,rmvpe_quant,0.0,0.0,0.0004549607204077103,0.97
tmhintqi,full,speaker,0.07566570800713131,0.0,0.25294737369878695,0.18
tmhintqi,full,wavlm,0.16760724326356927,0.0,0.38313259464409183,0.07
tmhintqi,full,whisper,0.16633076298267388,0.0603581735394792,0.28594605423882524,0.01
