dataset,rule,feature,phi
brspeech,simplex,whisper,-0.048603838780309806
brspeech,simplex,contentvec12,0.0884787989284061
brspeech,simplex,wavlm,0.12949534204623026
brspeech,simplex,beats,0.048849172342271915
brspeech,simplex,auditory_erb,0.05137882875648597
brspeech,simplex,speaker,0.12016599298806102
brspeech,simplex,rmvpe_cont,0.00417313089992479
brspeech,simplex,rmvpe_quant,-0.0033499136157632507
brspeech,simplex,ced,0.12429630180104495
brspeech,simplex,egemaps,0.16929328816959968
brspeech,uniform,whisper,-0.060096624035494386
brspeech,uniform,contentvec12,0.08580491332937867
brspeech,uniform,wavlm,0.10819625558525912
brspeech,uniform,beats,0.08015391306020839
brspeech,uniform,auditory_erb,0.092887050852908
brspeech,uniform,speaker,0.11452272423813067
brspeech,uniform,rmvpe_cont,0.0026422261856717984
brspeech,uniform,rmvpe_quant,-0.014136175320730734
brspeech,uniform,ced,0.1242026646288811
brspeech,uniform,egemaps,0.13196308690176328
brspeech,nnls,whisper,0.029224803855720113
brspeech,nnls,contentvec12,0.10890202599075482
brspeech,nnls,wavlm,0.12021919243934417
brspeech,nnls,beats,-7.357430361603218e-18
brspeech,nnls,auditory_erb,-7.357430361603218e-18
brspeech,nnls,speaker,0.0776614741147183
brspeech,nnls,rmvpe_cont,-6.872809200060492e-18
brspeech,nnls,rmvpe_quant,-6.872809200060492e-18
brspeech,nnls,ced,0.05592277995736604
brspeech,nnls,egemaps,0.09284050029028397
brspeech,ridge,whisper,0.049063416028316625
brspeech,ridge,contentvec12,0.1167219157641983
brspeech,ridge,wavlm,0.1659061643861997
brspeech,ridge,beats,-0.07467809065610685
brspeech,ridge,auditory_erb,-0.03868997236689453
brspeech,ridge,speaker,0.12123704207425415
brspeech,ridge,rmvpe_cont,-0.03755187300919438
brspeech,ridge,rmvpe_quant,-0.01848386806453591
brspeech,ridge,ced,0.10578848709017952
brspeech,ridge,egemaps,0.2691969108124033
bvcc,simplex,whisper,0.0656409766496103
bvcc,simplex,contentvec12,0.079430018570241
bvcc,simplex,wavlm,0.09389853195440737
bvcc,simplex,beats,0.11369918928675407
bvcc,simplex,auditory_erb,0.023155748586963978
bvcc,simplex,speaker,0.08577724679068854
bvcc,simplex,rmvpe_cont,0.006788966895050626
bvcc,simplex,rmvpe_quant,0.0033863461242195254
bvcc,simplex,ced,0.11576342261720997
bvcc,simplex,egemaps,0.049994333407465445
bvcc,uniform,whisper,0.08155552079326424
bvcc,uniform,contentvec12,0.08714353361648865
bvcc,uniform,wavlm,0.09896049430226254
bvcc,uniform,beats,0.11897715107986026
bvcc,uniform,auditory_erb,-0.001805539736583125
bvcc,uniform,speaker,0.09262879729241699
bvcc,uniform,rmvpe_cont,-0.03092892556969117
bvcc,uniform,rmvpe_quant,-0.03607035569787939
bvcc,uniform,ced,0.11163640109682924
bvcc,uniform,egemaps,0.04247275710956379
bvcc,nnls,whisper,0.07215840362439745
bvcc,nnls,contentvec12,0.08109449123122903
bvcc,nnls,wavlm,0.09369612626999922
bvcc,nnls,beats,0.111916567833914
bvcc,nnls,auditory_erb,0.020653426784171564
bvcc,nnls,speaker,0.08432977336157126
bvcc,nnls,rmvpe_cont,0.006121844255632429
bvcc,nnls,rmvpe_quant,0.003645773980261379
bvcc,nnls,ced,0.11544084883781709
bvcc,nnls,egemaps,0.0491889365835305
bvcc,ridge,whisper,0.07296942796834072
bvcc,ridge,contentvec12,0.08140287293177857
bvcc,ridge,wavlm,0.09358876071860976
bvcc,ridge,beats,0.11191323764204739
bvcc,ridge,auditory_erb,0.018935143977587242
bvcc,ridge,speaker,0.08374046135928927
bvcc,ridge,rmvpe_cont,0.006255779673113964
bvcc,ridge,rmvpe_quant,0.0037959046668306663
bvcc,ridge,ced,0.11591888046795211
bvcc,ridge,egemaps,0.04902079864123682
singmos,simplex,whisper,-0.011315404193459428
singmos,simplex,contentvec12,-0.0004963248022334119
singmos,simplex,wavlm,0.03209202550357253
singmos,simplex,beats,0.03749347595933542
singmos,simplex,auditory_erb,0.01805689011994716
singmos,simplex,speaker,0.03238366081358608
singmos,simplex,rmvpe_cont,0.011110005036644345
singmos,simplex,rmvpe_quant,0.0027011967415844127
singmos,simplex,ced,0.06047271353397488
singmos,simplex,egemaps,0.05787560579665751
singmos,uniform,whisper,-0.011411439877479182
singmos,uniform,contentvec12,-0.0007362113654456838
singmos,uniform,wavlm,0.03550530488042765
singmos,uniform,beats,0.041657152564106764
singmos,uniform,auditory_erb,0.014108210937621136
singmos,uniform,speaker,0.03353898586695058
singmos,uniform,rmvpe_cont,0.004322841391574418
singmos,uniform,rmvpe_quant,-0.0009985927420243085
singmos,uniform,ced,0.056644669000203755
singmos,uniform,egemaps,0.04844162818874538
singmos,nnls,whisper,0.018759311402242563
singmos,nnls,contentvec12,0.011531594803139616
singmos,nnls,wavlm,0.03153188963359307
singmos,nnls,beats,0.036934658928965254
singmos,nnls,auditory_erb,0.010212970970152627
singmos,nnls,speaker,0.026231436090096902
singmos,nnls,rmvpe_cont,5.4189457154323125e-18
singmos,nnls,rmvpe_quant,0.005700579482792026
singmos,nnls,ced,0.053426387856110584
singmos,nnls,egemaps,0.04981130984402845
singmos,ridge,whisper,0.019031645790563774
singmos,ridge,contentvec12,0.011592640837904095
singmos,ridge,wavlm,0.03205414195339919
singmos,ridge,beats,0.03705837163585271
singmos,ridge,auditory_erb,0.010036087793249004
singmos,ridge,speaker,0.02628667021335085
singmos,ridge,rmvpe_cont,-0.0008783188565749741
singmos,ridge,rmvpe_quant,0.005697332710470994
singmos,ridge,ced,0.052985907282458555
singmos,ridge,egemaps,0.0491889946169633
tmhintqi,simplex,whisper,0.10396707613908879
tmhintqi,simplex,contentvec12,0.08048643211535118
tmhintqi,simplex,wavlm,0.10635058307986855
tmhintqi,simplex,beats,0.10350273446652693
tmhintqi,simplex,auditory_erb,0.022157281432015518
tmhintqi,simplex,speaker,0.07240336262368985
tmhintqi,simplex,rmvpe_cont,0.002343324709257539
tmhintqi,simplex,rmvpe_quant,0.0032106231303629515
tmhintqi,simplex,ced,0.09636751330928614
tmhintqi,simplex,egemaps,0.06949048997115993
tmhintqi,uniform,whisper,0.11171422683256493
tmhintqi,uniform,contentvec12,0.09016260104610087
tmhintqi,uniform,wavlm,0.11402596657006579
tmhintqi,uniform,beats,0.11216527110492663
tmhintqi,uniform,auditory_erb,-0.010644684637931535
tmhintqi,uniform,speaker,0.07207713896898572
tmhintqi,uniform,rmvpe_cont,-0.044162307542125336
tmhintqi,uniform,rmvpe_quant,-0.04188926062729342
tmhintqi,uniform,ced,0.10583317555233208
tmhintqi,uniform,egemaps,0.06851864013913458
tmhintqi,nnls,whisper,0.1051174893643493
tmhintqi,nnls,contentvec12,0.08345299416733382
tmhintqi,nnls,wavlm,0.1086001712449392
tmhintqi,nnls,beats,0.10567060781074639
tmhintqi,nnls,auditory_erb,0.008612034186822331
tmhintqi,nnls,speaker,0.07601318782696313
tmhintqi,nnls,rmvpe_cont,-5.8595104077438825e-18
tmhintqi,nnls,rmvpe_quant,0.0006386300326807318
tmhintqi,nnls,ced,0.09942427614960021
tmhintqi,nnls,egemaps,0.0726678288054977
tmhintqi,ridge,whisper,0.10617037686522143
tmhintqi,ridge,contentvec12,0.08490933581198011
tmhintqi,ridge,wavlm,0.11049556917599283
tmhintqi,ridge,beats,0.10801011756003039
tmhintqi,ridge,auditory_erb,-0.001138478261441201
tmhintqi,ridge,speaker,0.07618423739295241
tmhintqi,ridge,rmvpe_cont,-0.0040533145649715415
tmhintqi,ridge,rmvpe_quant,-0.000290030097868196
tmhintqi,ridge,ced,0.1027450203091041
tmhintqi,ridge,egemaps,0.07266999263799863
