dataset,feature,phi_utt,train_n,train_sd,test_se,joint_se_approx,joint_ci95_lo_approx,joint_ci95_hi_approx,assumption
brspeech,whisper,-0.0486038394349953,50,0.9294946861262485,0.04430024712502,0.9305497748279083,-1.8724813980976955,1.775273719227705,var_train(n=50)+var_test independent approx; train/test systems overlap so not a formal joint CI
brspeech,contentvec12,0.0884787982737205,50,0.8879287870320101,0.04518576852779523,0.8890777719173865,-1.654113634684357,1.831071231231798,var_train(n=50)+var_test independent approx; train/test systems overlap so not a formal joint CI
brspeech,wavlm,0.1294953413915447,50,0.6658971651583723,0.041816804021029164,0.6672088725912522,-1.1782340488873095,1.437224731670399,var_train(n=50)+var_test independent approx; train/test systems overlap so not a formal joint CI
brspeech,beats,0.0488491716875864,50,0.9509870665402298,0.030711020239872218,0.951482825641622,-1.8160571665699927,1.9137555099451653,var_train(n=50)+var_test independent approx; train/test systems overlap so not a formal joint CI
brspeech,auditory_erb,0.0513788281018004,50,2.5867717477181036,0.01940063818140954,2.5868444985260357,-5.01883638900923,5.12159404521283,var_train(n=50)+var_test independent approx; train/test systems overlap so not a formal joint CI
brspeech,speaker,0.1201659923333755,50,1.3069423091650625,0.02368654288710638,1.3071569346484946,-2.4418615995776736,2.6821935842444247,var_train(n=50)+var_test independent approx; train/test systems overlap so not a formal joint CI
brspeech,rmvpe_cont,0.0041731302452392,50,1.6182890979691023,0.01977558508143184,1.6184099228474111,-3.1679103185356867,3.176256579026165,var_train(n=50)+var_test independent approx; train/test systems overlap so not a formal joint CI
brspeech,rmvpe_quant,-0.0033499142704487,50,9.867711908094837,0.01071858276971796,9.867717729504287,-19.34407666409885,19.337376835557954,var_train(n=50)+var_test independent approx; train/test systems overlap so not a formal joint CI
brspeech,ced,0.1242963011463594,50,0.712446599974968,0.03035540480961283,0.7130929872162869,-1.273365953797563,1.5219585560902817,var_train(n=50)+var_test independent approx; train/test systems overlap so not a formal joint CI
brspeech,egemaps,0.1692932875149141,50,1.6240570843934736,0.05945704618287546,1.6251450869720596,-3.0159910829503227,3.354577657980151,var_train(n=50)+var_test independent approx; train/test systems overlap so not a formal joint CI
bvcc,whisper,0.0656409766500212,50,0.00832023080396914,0.01186487543902694,0.014491428839660418,0.037237776124286776,0.09404417717575561,var_train(n=50)+var_test independent approx; train/test systems overlap so not a formal joint CI
bvcc,contentvec12,0.0794300185706519,50,0.0040252507458185165,0.011677649635130793,0.0123519287792467,0.05522023816332837,0.10363979897797544,var_train(n=50)+var_test independent approx; train/test systems overlap so not a formal joint CI
bvcc,wavlm,0.0938985319548183,50,0.005837876974461988,0.012442327172654364,0.01374380998996736,0.06696066437448228,0.12083639953515432,var_train(n=50)+var_test independent approx; train/test systems overlap so not a formal joint CI
bvcc,beats,0.113699189287165,50,0.005733130228144494,0.012930430136775485,0.014144426666885293,0.08597611302006983,0.14142226555426018,var_train(n=50)+var_test independent approx; train/test systems overlap so not a formal joint CI
bvcc,auditory_erb,0.0231557485873749,50,0.0036159871598212584,0.006614186807783239,0.0075380919514321425,0.0083810883625679,0.0379304088121819,var_train(n=50)+var_test independent approx; train/test systems overlap so not a formal joint CI
bvcc,speaker,0.0857772467910995,50,0.005098781236811361,0.011897049659307348,0.012943622394711795,0.06040774689746439,0.11114674668473462,var_train(n=50)+var_test independent approx; train/test systems overlap so not a formal joint CI
bvcc,rmvpe_cont,0.0067889668954615,50,0.0019234503780953562,0.0031020310842368878,0.0036499668771876616,-0.00036496818382631725,0.013942901974749317,var_train(n=50)+var_test independent approx; train/test systems overlap so not a formal joint CI
bvcc,rmvpe_quant,0.0033863461246304,50,0.0028653712144713858,0.002785557632249592,0.003996208643114768,-0.004446222815874546,0.011218915065135346,var_train(n=50)+var_test independent approx; train/test systems overlap so not a formal joint CI
bvcc,ced,0.1157634226176209,50,0.0045842739129652275,0.013046259432855587,0.013828248352501734,0.0886600558467175,0.1428667893885243,var_train(n=50)+var_test independent approx; train/test systems overlap so not a formal joint CI
bvcc,egemaps,0.0499943334078764,50,0.0037993189205404393,0.008975152318321173,0.009746188147016376,0.030891804639724303,0.0690968621760285,var_train(n=50)+var_test independent approx; train/test systems overlap so not a formal joint CI
singmos,whisper,-0.0113154036986716,50,0.017922683443685927,0.020044709933719616,0.026888900649701755,-0.06401764897208703,0.041386841574743836,var_train(n=50)+var_test independent approx; train/test systems overlap so not a formal joint CI
singmos,contentvec12,-0.0004963243074456,50,0.011120818533101276,0.010580052234554542,0.015349596415934568,-0.03058153328267735,0.029588884667786152,var_train(n=50)+var_test independent approx; train/test systems overlap so not a formal joint CI
singmos,wavlm,0.0320920259983602,50,0.011952982296533882,0.008799632092371352,0.014842752802035888,0.0030002305063698623,0.061183821490350544,var_train(n=50)+var_test independent approx; train/test systems overlap so not a formal joint CI
singmos,beats,0.0374934764541231,50,0.01121216216759714,0.011368518029946071,0.01596733486433179,0.006197500120032791,0.06878945278821341,var_train(n=50)+var_test independent approx; train/test systems overlap so not a formal joint CI
singmos,auditory_erb,0.0180568906147349,50,0.007881824865425522,0.00576905383148722,0.00976755574951264,-0.0010875186543098728,0.037201299883779675,var_train(n=50)+var_test independent approx; train/test systems overlap so not a formal joint CI
singmos,speaker,0.0323836613083738,50,0.007823000581643973,0.004610262786404616,0.009080410842032932,0.014586056057989252,0.05018126655875835,var_train(n=50)+var_test independent approx; train/test systems overlap so not a formal joint CI
singmos,rmvpe_cont,0.0111100055314321,50,0.005543431823547008,0.0033175854501018877,0.00646034129137474,-0.00155226339966239,0.02377227446252659,var_train(n=50)+var_test independent approx; train/test systems overlap so not a formal joint CI
singmos,rmvpe_quant,0.0027011972363721,50,0.018165819908464,0.006586618726052576,0.019323057708063016,-0.03517199587143141,0.040574390344175607,var_train(n=50)+var_test independent approx; train/test systems overlap so not a formal joint CI
singmos,ced,0.0604727140287626,50,0.010959623961561917,0.013012704292778138,0.017013048827007132,0.02712713832782862,0.09381828972969658,var_train(n=50)+var_test independent approx; train/test systems overlap so not a formal joint CI
singmos,egemaps,0.0578756062914452,50,0.01035573221941903,0.008041046611960895,0.013111049554327875,0.03217794916496256,0.08357326341792784,var_train(n=50)+var_test independent approx; train/test systems overlap so not a formal joint CI
tmhintqi,whisper,0.1039670745338689,50,0.0062069311430903605,0.026297797288425996,0.027020365216595624,0.05100715870934148,0.15692699035839633,var_train(n=50)+var_test independent approx; train/test systems overlap so not a formal joint CI
tmhintqi,contentvec12,0.0804864305101313,50,0.004793184389681878,0.029257936602563726,0.029647958965721876,0.02237643093731642,0.13859643008294617,var_train(n=50)+var_test independent approx; train/test systems overlap so not a formal joint CI
tmhintqi,wavlm,0.1063505814746487,50,0.007026629660530748,0.029156139511683523,0.029990898546242387,0.04756842032401362,0.16513274262528377,var_train(n=50)+var_test independent approx; train/test systems overlap so not a formal joint CI
tmhintqi,beats,0.103502732861307,50,0.007871576922091525,0.02972036161390204,0.030745107215644992,0.04324232271864281,0.16376314300397118,var_train(n=50)+var_test independent approx; train/test systems overlap so not a formal joint CI
tmhintqi,auditory_erb,0.0221572798267956,50,0.003522985289477197,0.007728671796181429,0.008493750236671845,0.005509529362918784,0.038805030290672414,var_train(n=50)+var_test independent approx; train/test systems overlap so not a formal joint CI
tmhintqi,speaker,0.0724033610184699,50,0.005018079644882287,0.023823376307647245,0.02434613690132687,0.024684932691869235,0.12012178934507058,var_train(n=50)+var_test independent approx; train/test systems overlap so not a formal joint CI
tmhintqi,rmvpe_cont,0.0023433231040376,50,0.0017836291136822128,0.0008333234362415052,0.0019686951934121608,-0.001515319475050235,0.006201965683125435,var_train(n=50)+var_test independent approx; train/test systems overlap so not a formal joint CI
tmhintqi,rmvpe_quant,0.003210621525143,50,0.007306847426046226,0.003046397501509388,0.007916473775913174,-0.012305667075646821,0.018726910125932823,var_train(n=50)+var_test independent approx; train/test systems overlap so not a formal joint CI
tmhintqi,ced,0.0963675117040662,50,0.008431588602971971,0.030096940583320513,0.031255679785371686,0.035106379324737695,0.1576286440833947,var_train(n=50)+var_test independent approx; train/test systems overlap so not a formal joint CI
tmhintqi,egemaps,0.06949048836594,50,0.004914423061822692,0.02709293410691666,0.027535043718002385,0.015521802678655328,0.12345917405322468,var_train(n=50)+var_test independent approx; train/test systems overlap so not a formal joint CI
