dataset,feature,gate,mse_utt_full,mse_sys_full,phi_utt,phi_sys,loo_utt,loo_sys
brspeech,whisper,0.02980055461108998,0.7043381049255214,0.5945822006791222,-0.048603838780309924,-0.0014575671359572634,-0.004830073220422282,-0.0014478388300962486
brspeech,contentvec12,0.1532288829605517,0.7043381049255214,0.5945822006791222,0.08847879892840592,0.08502763096451471,0.0238018956296826,0.016498333053669878
brspeech,wavlm,0.3020849624986589,0.7043381049255214,0.5945822006791222,0.12949534204623023,0.13746205230968453,0.023817684959506646,0.041191179851452264
brspeech,beats,6.3592586701892684e-18,0.7043381049255214,0.5945822006791222,0.04884917234227174,0.04157163205460131,-7.277924929383062e-10,1.324733989171989e-09
brspeech,auditory_erb,0.0,0.7043381049255214,0.5945822006791222,0.05137882875648576,0.05501039926036401,-1.0070301259546e-09,2.3899648926573036e-09
brspeech,speaker,1.7996308828059646e-16,0.7043381049255214,0.5945822006791222,0.12016599298806102,0.14134276067965676,-9.532512046384056e-08,-4.416433430076694e-08
brspeech,rmvpe_cont,1.3897018102695086e-17,0.7043381049255214,0.5945822006791222,0.004173130899924604,-0.0036217024200068085,9.011485557763876e-09,1.2378760239073472e-09
brspeech,rmvpe_quant,2.8081378897856393e-17,0.7043381049255214,0.5945822006791222,-0.0033499136157633565,0.015614081266664073,6.96684211431986e-08,1.3632408202290947e-08
brspeech,ced,0.0,0.7043381049255214,0.5945822006791222,0.12429630180104487,0.1467188163303183,3.277386961819673e-08,1.547035799465135e-08
brspeech,egemaps,0.5148855999296992,0.7043381049255214,0.5945822006791222,0.16929328816959963,0.1998221205588329,0.015200834142152675,0.029032320463093342
bvcc,whisper,0.24948356301409777,0.2098832669376959,0.22642320420440862,0.06564097664960936,0.06392776012501163,-0.0023920555665588594,-0.0015151876330558034
bvcc,contentvec12,0.0613866786806006,0.2098832669376959,0.22642320420440862,0.07943001857024004,0.07005153835075402,0.002315348644518739,0.0020300258523994197
bvcc,wavlm,0.16720539555582245,0.2098832669376959,0.22642320420440862,0.09389853195440642,0.08411335657970112,0.001586187804087369,0.0026517703218874866
bvcc,beats,0.20028185678034421,0.2098832669376959,0.22642320420440862,0.1136991892867531,0.10343294744130926,0.010609331579143455,0.009203700804828463
bvcc,auditory_erb,3.700774296826724e-17,0.2098832669376959,0.22642320420440862,0.02315574858696355,0.025111198730044845,-9.364053510374504e-08,-8.295268591473892e-08
bvcc,speaker,0.09944090886036855,0.2098832669376959,0.22642320420440862,0.08577724679068753,0.072802843485155,0.001363276516106876,0.00011884880218671068
bvcc,rmvpe_cont,2.347903861383996e-17,0.2098832669376959,0.22642320420440862,0.00678896689505072,0.006753079214709256,-1.0386481133495273e-07,-9.64181382512308e-08
bvcc,rmvpe_quant,0.0,0.2098832669376959,0.22642320420440862,0.003386346124219677,0.007603122712535991,-1.0050276408324343e-07,-9.261195385579235e-08
bvcc,ced,0.2222015971087664,0.2098832669376959,0.22642320420440862,0.1157634226172089,0.10376736251267506,0.01392756462577266,0.011333859532093787
bvcc,egemaps,0.0,0.2098832669376959,0.22642320420440862,0.04999433340746452,0.0498801813267805,-9.873161704865296e-09,-7.563021486856059e-09
singmos,whisper,0.10357329591730864,0.3364765317307455,0.3411639804011253,-0.011315404193459465,-0.0024208741521405904,0.002996007280428259,0.0014076165618895353
singmos,contentvec12,0.07613557020214748,0.3364765317307455,0.3411639804011253,-0.0004963248022334288,0.005860869557101252,-0.002527770053276812,-0.0013404325992620314
singmos,wavlm,0.21563143211779698,0.3364765317307455,0.3411639804011253,0.032092025503572576,0.033660886323018176,0.003731597123838193,0.003116905989982044
singmos,beats,0.1525446447712445,0.3364765317307455,0.3411639804011253,0.03749347595933538,0.03918857070914843,0.001371946520389522,0.001952748079851907
singmos,auditory_erb,1.0052997299597863e-17,0.3364765317307455,0.3411639804011253,0.018056890119947152,0.01456930521496748,-1.540760913298911e-08,-4.642834949830643e-09
singmos,speaker,0.007803350716647267,0.3364765317307455,0.3411639804011253,0.03238366081358611,0.02952790061584277,0.00019434450771321776,7.348686114067027e-05
singmos,rmvpe_cont,6.998570022019254e-18,0.3364765317307455,0.3411639804011253,0.011110005036644303,0.0082686325584145,2.8730186285574888e-08,1.8153241021501287e-08
singmos,rmvpe_quant,4.211818390662805e-18,0.3364765317307455,0.3411639804011253,0.0027011967415843654,0.005792832923045903,5.894772164838358e-08,3.262685283056399e-08
singmos,ced,0.2313996295974314,0.3364765317307455,0.3411639804011253,0.06047271353397483,0.06664912632400644,0.010918609229412957,0.013622913567571948
singmos,egemaps,0.2129120766774237,0.3364765317307455,0.3411639804011253,0.05787560579665749,0.054304062836039856,0.011713853185603362,0.009946569257231974
tmhintqi,whisper,0.1921908739270383,0.3341072862528424,0.36149536544047767,0.1039670761390876,0.07183367195180818,0.009079519472684872,0.009886456826643741
tmhintqi,contentvec12,0.07161319808488463,0.3341072862528424,0.36149536544047767,0.08048643211535011,0.04455029843751101,0.0003072517821923193,0.00013841031497990874
tmhintqi,wavlm,0.16968607164707633,0.3341072862528424,0.36149536544047767,0.10635058307986729,0.07322148931010124,0.006453833942902887,0.007328001001467022
tmhintqi,beats,0.27102988535086064,0.3341072862528424,0.36149536544047767,0.10350273446652547,0.06652045180439257,0.005810825692773081,0.004840730099040624
tmhintqi,auditory_erb,0.0,0.3341072862528424,0.36149536544047767,0.022157281432014973,0.013304686696851748,3.5066510251091643e-09,2.6570691757932252e-09
tmhintqi,speaker,0.01175879950483767,0.3341072862528424,0.36149536544047767,0.07240336262368885,0.043120016247377074,-1.1852257731925775e-06,6.432156096636277e-05
tmhintqi,rmvpe_cont,3.0830880931868354e-17,0.3341072862528424,0.36149536544047767,0.002343324709257541,0.0028984687422943193,4.944764930847612e-09,4.4517541319955e-09
tmhintqi,rmvpe_quant,7.518079151371956e-19,0.3341072862528424,0.36149536544047767,0.0032106231303629077,0.0006017892265691268,2.7420787307441685e-09,1.8743417373734417e-09
tmhintqi,ced,0.28372117148530235,0.3341072862528424,0.36149536544047767,0.09636751330928502,0.0575550195899978,0.00022086471586224565,-0.0015510331404434696
tmhintqi,egemaps,0.0,0.3341072862528424,0.36149536544047767,0.06949048997115952,0.03481697270696363,2.2021074519429362e-08,2.0936580524821835e-08
