dataset,scenario,feature,owen_mse_utility,original_shapley_mse_utility,sign_same
brspeech,original_10,whisper,-0.048603839434995334,-0.0486038394349953,True
brspeech,original_10,contentvec12,0.08847879827372059,0.0884787982737205,True
brspeech,original_10,wavlm,0.12949534139154478,0.1294953413915447,True
brspeech,original_10,beats,0.04884917168758638,0.0488491716875864,True
brspeech,original_10,auditory_erb,0.0513788281018004,0.0513788281018004,True
brspeech,original_10,speaker,0.12016599233337555,0.1201659923333755,True
brspeech,original_10,rmvpe_cont,0.004173130245239256,0.0041731302452392,True
brspeech,original_10,rmvpe_quant,-0.0033499142704487557,-0.0033499142704487,True
brspeech,original_10,ced,0.12429630114635941,0.1242963011463594,True
brspeech,original_10,egemaps,0.16929328751491424,0.1692932875149141,True
brspeech,rmvpe_grouped_9,whisper,-0.05634022669795261,-0.0486038394349953,True
brspeech,rmvpe_grouped_9,contentvec12,0.08682498662818708,0.0884787982737205,True
brspeech,rmvpe_grouped_9,wavlm,0.1293172801647049,0.1294953413915447,True
brspeech,rmvpe_grouped_9,beats,0.04808072829533156,0.0488491716875864,True
brspeech,rmvpe_grouped_9,auditory_erb,0.0560752365299815,0.0513788281018004,True
brspeech,rmvpe_grouped_9,speaker,0.12084290806924167,0.1201659923333755,True
brspeech,rmvpe_grouped_9,ced,0.12455593725013536,0.1242963011463594,True
brspeech,rmvpe_grouped_9,egemaps,0.16997020604124277,0.1692932875149141,True
brspeech,rmvpe_grouped_9,rmvpe_cont,0.006186542611956186,0.0041731302452392,True
brspeech,rmvpe_grouped_9,rmvpe_quant,-0.0013365019037318187,-0.0033499142704487,True
brspeech,prosody_grouped_8,whisper,-0.07598642239845035,-0.0486038394349953,True
brspeech,prosody_grouped_8,contentvec12,0.0826530004807975,0.0884787982737205,True
brspeech,prosody_grouped_8,wavlm,0.12951035961298407,0.1294953413915447,True
brspeech,prosody_grouped_8,beats,0.055791014840073185,0.0488491716875864,True
brspeech,prosody_grouped_8,auditory_erb,0.06373049881770203,0.0513788281018004,True
brspeech,prosody_grouped_8,speaker,0.12360087258997893,0.1201659923333755,True
brspeech,prosody_grouped_8,ced,0.12835592827349815,0.1242963011463594,True
brspeech,prosody_grouped_8,rmvpe_cont,0.00591161300938092,0.0041731302452392,True
brspeech,prosody_grouped_8,rmvpe_quant,-0.0004215405775222202,-0.0033499142704487,True
brspeech,prosody_grouped_8,egemaps,0.17103177234065436,0.1692932875149141,True
brspeech,remove_rmvpe_quant_9,whisper,-0.05634023912463116,-0.0486038394349953,True
brspeech,remove_rmvpe_quant_9,contentvec12,0.08682497555489864,0.0884787982737205,True
brspeech,remove_rmvpe_quant_9,wavlm,0.1293172725331074,0.1294953413915447,True
brspeech,remove_rmvpe_quant_9,beats,0.04808071618668121,0.0488491716875864,True
brspeech,remove_rmvpe_quant_9,auditory_erb,0.05607523229014167,0.0513788281018004,True
brspeech,remove_rmvpe_quant_9,speaker,0.1208429117618089,0.1201659923333755,True
brspeech,remove_rmvpe_quant_9,rmvpe_cont,0.004850035231718001,0.0041731302452392,True
brspeech,remove_rmvpe_quant_9,ced,0.12455592667410298,0.1242963011463594,True
brspeech,remove_rmvpe_quant_9,egemaps,0.1699701962128483,0.1692932875149141,True
brspeech,remove_egemaps_9,whisper,-0.053178827288279044,-0.0486038394349953,True
brspeech,remove_egemaps_9,contentvec12,0.10842762226240078,0.0884787982737205,True
brspeech,remove_egemaps_9,wavlm,0.17075471127086858,0.1294953413915447,True
brspeech,remove_egemaps_9,beats,0.05661382151356444,0.0488491716875864,True
brspeech,remove_egemaps_9,auditory_erb,0.05772035528017897,0.0513788281018004,True
brspeech,remove_egemaps_9,speaker,0.158130096558918,0.1201659923333755,True
brspeech,remove_egemaps_9,rmvpe_cont,0.009993306780445563,0.0041731302452392,True
brspeech,remove_egemaps_9,rmvpe_quant,-0.0026730055725145696,-0.0033499142704487,True
brspeech,remove_egemaps_9,ced,0.16318818204136154,0.1242963011463594,True
brspeech,remove_quant_and_egemaps_8,whisper,-0.06319864373549128,-0.0486038394349953,True
brspeech,remove_quant_and_egemaps_8,contentvec12,0.10668139626504157,0.0884787982737205,True
brspeech,remove_quant_and_egemaps_8,wavlm,0.1710194485959151,0.1294953413915447,True
brspeech,remove_quant_and_egemaps_8,beats,0.055791017913844526,0.0488491716875864,True
brspeech,remove_quant_and_egemaps_8,auditory_erb,0.06373049786116153,0.0513788281018004,True
brspeech,remove_quant_and_egemaps_8,speaker,0.15953848187272113,0.1201659923333755,True
brspeech,remove_quant_and_egemaps_8,rmvpe_cont,0.011401688009168966,0.0041731302452392,True
brspeech,remove_quant_and_egemaps_8,ced,0.16401237037010397,0.1242963011463594,True
bvcc,original_10,whisper,0.06564097665002123,0.0656409766500212,True
bvcc,original_10,contentvec12,0.07943001857065202,0.0794300185706519,True
bvcc,original_10,wavlm,0.09389853195481832,0.0938985319548183,True
bvcc,original_10,beats,0.11369918928716502,0.113699189287165,True
bvcc,original_10,auditory_erb,0.023155748587374965,0.0231557485873749,True
bvcc,original_10,speaker,0.08577724679109956,0.0857772467910995,True
bvcc,original_10,rmvpe_cont,0.006788966895461574,0.0067889668954615,True
bvcc,original_10,rmvpe_quant,0.0033863461246304754,0.0033863461246304,True
bvcc,original_10,ced,0.11576342261762093,0.1157634226176209,True
bvcc,original_10,egemaps,0.049994333407876415,0.0499943334078764,True
bvcc,rmvpe_grouped_9,whisper,0.06536098071155057,0.0656409766500212,True
bvcc,rmvpe_grouped_9,contentvec12,0.07936999904889981,0.0794300185706519,True
bvcc,rmvpe_grouped_9,wavlm,0.09407141647027438,0.0938985319548183,True
bvcc,rmvpe_grouped_9,beats,0.11374707535305605,0.113699189287165,True
bvcc,rmvpe_grouped_9,auditory_erb,0.023484408310084186,0.0231557485873749,True
bvcc,rmvpe_grouped_9,speaker,0.08589298471388979,0.0857772467910995,True
bvcc,rmvpe_grouped_9,ced,0.11595986920599918,0.1157634226176209,True
bvcc,rmvpe_grouped_9,egemaps,0.05014219841010334,0.0499943334078764,True
bvcc,rmvpe_grouped_9,rmvpe_cont,0.006454234716847326,0.0067889668954615,True
bvcc,rmvpe_grouped_9,rmvpe_quant,0.003051613946016224,0.0033863461246304,True
bvcc,prosody_grouped_8,whisper,0.06573494228900291,0.0656409766500212,True
bvcc,prosody_grouped_8,contentvec12,0.08018280641680635,0.0794300185706519,True
bvcc,prosody_grouped_8,wavlm,0.09526464903179235,0.0938985319548183,True
bvcc,prosody_grouped_8,beats,0.11478217530740609,0.113699189287165,True
bvcc,prosody_grouped_8,auditory_erb,0.024824448471108432,0.0231557485873749,True
bvcc,prosody_grouped_8,speaker,0.08702650376252673,0.0857772467910995,True
bvcc,prosody_grouped_8,ced,0.11719232697056323,0.1157634226176209,True
bvcc,prosody_grouped_8,rmvpe_cont,0.003851066135850435,0.0067889668954615,True
bvcc,prosody_grouped_8,rmvpe_quant,0.0021824489171019586,0.0033863461246304,True
bvcc,prosody_grouped_8,egemaps,0.04649341358456208,0.0499943334078764,True
bvcc,remove_rmvpe_quant_9,whisper,0.06569257990590047,0.0656409766500212,True
bvcc,remove_rmvpe_quant_9,contentvec12,0.07968707529601195,0.0794300185706519,True
bvcc,remove_rmvpe_quant_9,wavlm,0.09438932578892219,0.0938985319548183,True
bvcc,remove_rmvpe_quant_9,beats,0.11405597333127708,0.113699189287165,True
bvcc,remove_rmvpe_quant_9,auditory_erb,0.023814578594697055,0.0231557485873749,True
bvcc,remove_rmvpe_quant_9,speaker,0.08620832657457575,0.0857772467910995,True
bvcc,remove_rmvpe_quant_9,rmvpe_cont,0.0070210565383652555,0.0067889668954615,True
bvcc,remove_rmvpe_quant_9,ced,0.11627336007666138,0.1157634226176209,True
bvcc,remove_rmvpe_quant_9,egemaps,0.05039260528307369,0.0499943334078764,True
bvcc,remove_egemaps_9,whisper,0.07111986168546756,0.0656409766500212,True
bvcc,remove_egemaps_9,contentvec12,0.08613022438443818,0.0794300185706519,True
bvcc,remove_egemaps_9,wavlm,0.10170110238318406,0.0938985319548183,True
bvcc,remove_egemaps_9,beats,0.12211657841620142,0.113699189287165,True
bvcc,remove_egemaps_9,auditory_erb,0.02632982252957838,0.0231557485873749,True
bvcc,remove_egemaps_9,speaker,0.09392853599633767,0.0857772467910995,True
bvcc,remove_egemaps_9,rmvpe_cont,0.007736964410542443,0.0067889668954615,True
bvcc,remove_egemaps_9,rmvpe_quant,0.0037846179998276782,0.0033863461246304,True
bvcc,remove_egemaps_9,ced,0.12468708295430495,0.1157634226176209,True
bvcc,remove_quant_and_egemaps_8,whisper,0.07117306279164591,0.0656409766500212,True
bvcc,remove_quant_and_egemaps_8,contentvec12,0.08645048750591619,0.0794300185706519,True
bvcc,remove_quant_and_egemaps_8,wavlm,0.10232377534342446,0.0938985319548183,True
bvcc,remove_quant_and_egemaps_8,beats,0.1225657683135975,0.113699189287165,True
bvcc,remove_quant_and_egemaps_8,auditory_erb,0.02717260966497377,0.0231557485873749,True
bvcc,remove_quant_and_egemaps_8,speaker,0.0944720592345816,0.0857772467910995,True
bvcc,remove_quant_and_egemaps_8,rmvpe_cont,0.008046106269848344,0.0067889668954615,True
bvcc,remove_quant_and_egemaps_8,ced,0.1253309724308346,0.1157634226176209,True
singmos,original_10,whisper,-0.01131540369867168,-0.0113154036986716,True
singmos,original_10,contentvec12,-0.0004963243074456662,-0.0004963243074456,True
singmos,original_10,wavlm,0.03209202599836027,0.0320920259983602,True
singmos,original_10,beats,0.03749347645412318,0.0374934764541231,True
singmos,original_10,auditory_erb,0.01805689061473491,0.0180568906147349,True
singmos,original_10,speaker,0.032383661308373855,0.0323836613083738,True
singmos,original_10,rmvpe_cont,0.0111100055314321,0.0111100055314321,True
singmos,original_10,rmvpe_quant,0.002701197236372158,0.0027011972363721,True
singmos,original_10,ced,0.06047271402876266,0.0604727140287626,True
singmos,original_10,egemaps,0.05787560629144527,0.0578756062914452,True
singmos,rmvpe_grouped_9,whisper,-0.014977165157702995,-0.0113154036986716,True
singmos,rmvpe_grouped_9,contentvec12,-0.0023216454384008423,-0.0004963243074456,True
singmos,rmvpe_grouped_9,wavlm,0.03186283139604211,0.0320920259983602,True
singmos,rmvpe_grouped_9,beats,0.03712919699895352,0.0374934764541231,True
singmos,rmvpe_grouped_9,auditory_erb,0.018902890257865044,0.0180568906147349,True
singmos,rmvpe_grouped_9,speaker,0.03299286667302195,0.0323836613083738,True
singmos,rmvpe_grouped_9,ced,0.0608889636934474,0.0604727140287626,True
singmos,rmvpe_grouped_9,egemaps,0.058842271218260356,0.0578756062914452,True
singmos,rmvpe_grouped_9,rmvpe_cont,0.012731224055530403,0.0111100055314321,True
singmos,rmvpe_grouped_9,rmvpe_quant,0.004322415760470452,0.0027011972363721,True
singmos,prosody_grouped_8,whisper,-0.018399627033376824,-0.0113154036986716,True
singmos,prosody_grouped_8,contentvec12,-0.0028705492240785,-0.0004963243074456,True
singmos,prosody_grouped_8,wavlm,0.03391175127992196,0.0320920259983602,True
singmos,prosody_grouped_8,beats,0.03899055024487993,0.0374934764541231,True
singmos,prosody_grouped_8,auditory_erb,0.023146763355469814,0.0180568906147349,True
singmos,prosody_grouped_8,speaker,0.03655466666362359,0.0323836613083738,True
singmos,prosody_grouped_8,ced,0.06435564134428329,0.0604727140287626,True
singmos,prosody_grouped_8,rmvpe_cont,0.007827996183373353,0.0111100055314321,True
singmos,prosody_grouped_8,rmvpe_quant,0.0036966870372318397,0.0027011972363721,True
singmos,prosody_grouped_8,egemaps,0.05315996960615877,0.0578756062914452,True
singmos,remove_rmvpe_quant_9,whisper,-0.014663975886621078,-0.0113154036986716,True
singmos,remove_rmvpe_quant_9,contentvec12,-0.002074321535420768,-0.0004963243074456,True
singmos,remove_rmvpe_quant_9,wavlm,0.03239860192752445,0.0320920259983602,True
singmos,remove_rmvpe_quant_9,beats,0.037754565441888606,0.0374934764541231,True
singmos,remove_rmvpe_quant_9,auditory_erb,0.019637366321586604,0.0180568906147349,True
singmos,remove_rmvpe_quant_9,speaker,0.033635090553404697,0.0323836613083738,True
singmos,remove_rmvpe_quant_9,rmvpe_cont,0.012068734307903888,0.0111100055314321,True
singmos,remove_rmvpe_quant_9,ced,0.061812425410827446,0.0604727140287626,True
singmos,remove_rmvpe_quant_9,egemaps,0.05980530396867114,0.0578756062914452,True
singmos,remove_egemaps_9,whisper,-0.011116735287744735,-0.0113154036986716,True
singmos,remove_egemaps_9,contentvec12,0.0010306595072807545,-0.0004963243074456,False
singmos,remove_egemaps_9,wavlm,0.03899051519804858,0.0320920259983602,True
singmos,remove_egemaps_9,beats,0.044466425500294955,0.0374934764541231,True
singmos,remove_egemaps_9,auditory_erb,0.023550959750418706,0.0180568906147349,True
singmos,remove_egemaps_9,speaker,0.04076491464287426,0.0323836613083738,True
singmos,remove_egemaps_9,rmvpe_cont,0.014103599594343123,0.0111100055314321,True
singmos,remove_egemaps_9,rmvpe_quant,0.004630894913597953,0.0027011972363721,True
singmos,remove_egemaps_9,ced,0.07223876245276964,0.0604727140287626,True
singmos,remove_quant_and_egemaps_8,whisper,-0.015201225848056912,-0.0113154036986716,True
singmos,remove_quant_and_egemaps_8,contentvec12,-0.0007234323858654763,-0.0004963243074456,True
singmos,remove_quant_and_egemaps_8,wavlm,0.03975554861628868,0.0320920259983602,True
singmos,remove_quant_and_egemaps_8,beats,0.04513228327308499,0.0374934764541231,True
singmos,remove_quant_and_egemaps_8,auditory_erb,0.02645355572791778,0.0180568906147349,True
singmos,remove_quant_and_egemaps_8,speaker,0.04284996386256807,0.0323836613083738,True
singmos,remove_quant_and_egemaps_8,rmvpe_cont,0.015809331555749453,0.0111100055314321,True
singmos,remove_quant_and_egemaps_8,ced,0.07458393411429073,0.0604727140287626,True
tmhintqi,original_10,whisper,0.10396707453386891,0.1039670745338689,True
tmhintqi,original_10,contentvec12,0.08048643051013134,0.0804864305101313,True
tmhintqi,original_10,wavlm,0.10635058147464875,0.1063505814746487,True
tmhintqi,original_10,beats,0.10350273286130707,0.103502732861307,True
tmhintqi,original_10,auditory_erb,0.02215727982679565,0.0221572798267956,True
tmhintqi,original_10,speaker,0.07240336101846995,0.0724033610184699,True
tmhintqi,original_10,rmvpe_cont,0.0023433231040376743,0.0023433231040376,True
tmhintqi,original_10,rmvpe_quant,0.0032106215251430773,0.003210621525143,True
tmhintqi,original_10,ced,0.09636751170406631,0.0963675117040662,True
tmhintqi,original_10,egemaps,0.06949048836594003,0.06949048836594,True
tmhintqi,rmvpe_grouped_9,whisper,0.10419589526047894,0.1039670745338689,True
tmhintqi,rmvpe_grouped_9,contentvec12,0.08068295382841947,0.0804864305101313,True
tmhintqi,rmvpe_grouped_9,wavlm,0.10657948283997909,0.1063505814746487,True
tmhintqi,rmvpe_grouped_9,beats,0.10372064986133352,0.103502732861307,True
tmhintqi,rmvpe_grouped_9,auditory_erb,0.02246283246327793,0.0221572798267956,True
tmhintqi,rmvpe_grouped_9,speaker,0.07267956157875129,0.0724033610184699,True
tmhintqi,rmvpe_grouped_9,ced,0.09661533179038652,0.0963675117040662,True
tmhintqi,rmvpe_grouped_9,egemaps,0.06975818093154307,0.06949048836594,True
tmhintqi,rmvpe_grouped_9,rmvpe_cont,0.0013586089745665018,0.0023433231040376,True
tmhintqi,rmvpe_grouped_9,rmvpe_quant,0.002225907395671904,0.003210621525143,True
tmhintqi,prosody_grouped_8,whisper,0.10467913433404591,0.1039670745338689,True
tmhintqi,prosody_grouped_8,contentvec12,0.08092454629370105,0.0804864305101313,True
tmhintqi,prosody_grouped_8,wavlm,0.10689288666768698,0.1063505814746487,True
tmhintqi,prosody_grouped_8,beats,0.10398715994699147,0.103502732861307,True
tmhintqi,prosody_grouped_8,auditory_erb,0.0237291883102586,0.0221572798267956,True
tmhintqi,prosody_grouped_8,speaker,0.0730355628612801,0.0724033610184699,True
tmhintqi,prosody_grouped_8,ced,0.09693099400361194,0.0963675117040662,True
tmhintqi,prosody_grouped_8,rmvpe_cont,0.0009371539527417281,0.0023433231040376,True
tmhintqi,prosody_grouped_8,rmvpe_quant,0.0015001574099394776,0.003210621525143,True
tmhintqi,prosody_grouped_8,egemaps,0.06766262114415138,0.06949048836594,True
tmhintqi,remove_rmvpe_quant_9,whisper,0.10432117336608639,0.1039670745338689,True
tmhintqi,remove_rmvpe_quant_9,contentvec12,0.08080359186148345,0.0804864305101313,True
tmhintqi,remove_rmvpe_quant_9,wavlm,0.1067068536478925,0.1063505814746487,True
tmhintqi,remove_rmvpe_quant_9,beats,0.10384401721306165,0.103502732861307,True
tmhintqi,remove_rmvpe_quant_9,auditory_erb,0.02255217512689434,0.0221572798267956,True
tmhintqi,remove_rmvpe_quant_9,speaker,0.07280777633765885,0.0724033610184699,True
tmhintqi,remove_rmvpe_quant_9,rmvpe_cont,0.0026110186264215536,0.0023433231040376,True
tmhintqi,remove_rmvpe_quant_9,ced,0.0967445122130479,0.0963675117040662,True
tmhintqi,remove_rmvpe_quant_9,egemaps,0.06988828378978233,0.06949048836594,True
tmhintqi,remove_egemaps_9,whisper,0.11500197167754833,0.1039670745338689,True
tmhintqi,remove_egemaps_9,contentvec12,0.09101686812303504,0.0804864305101313,True
tmhintqi,remove_egemaps_9,wavlm,0.11795761875483025,0.1063505814746487,True
tmhintqi,remove_egemaps_9,beats,0.11494353054723787,0.103502732861307,True
tmhintqi,remove_egemaps_9,auditory_erb,0.025174574783125733,0.0221572798267956,True
tmhintqi,remove_egemaps_9,speaker,0.0821560728995815,0.0724033610184699,True
tmhintqi,remove_egemaps_9,rmvpe_cont,0.00248240936787124,0.0023433231040376,True
tmhintqi,remove_egemaps_9,rmvpe_quant,0.0036084169489854394,0.003210621525143,True
tmhintqi,remove_egemaps_9,ced,0.10793791980111848,0.0963675117040662,True
tmhintqi,remove_quant_and_egemaps_8,whisper,0.11545749915401238,0.1039670745338689,True
tmhintqi,remove_quant_and_egemaps_8,contentvec12,0.09142430986800876,0.0804864305101313,True
tmhintqi,remove_quant_and_egemaps_8,wavlm,0.11841530491208513,0.1063505814746487,True
tmhintqi,remove_quant_and_egemaps_8,beats,0.1153806584489652,0.103502732861307,True
tmhintqi,remove_quant_and_egemaps_8,auditory_erb,0.025681066083307877,0.0221572798267956,True
tmhintqi,remove_quant_and_egemaps_8,speaker,0.08267575397090568,0.0724033610184699,True
tmhintqi,remove_quant_and_egemaps_8,rmvpe_cont,0.0028226606104218965,0.0023433231040376,True
tmhintqi,remove_quant_and_egemaps_8,ced,0.10842213674963291,0.0963675117040662,True
