scenario,candidate,reference,point_delta_pct,ci95_low_pct,ci95_high_pct,p_two_sided_bootstrap,n_corpora,n_budgets,n_bootstrap,datasets,budgets,p_holm_all_five
all_primary,gate,inner_search,-1.5056024906991292,-2.816578613753766,0.7380552694299679,0.18419999999999992,4,4,10000,brspeech+bvcc+singmos+tmhintqi,1+2+3+5,0.6943999999999999
all_primary,shapley,inner_search,-2.1451644672244847,-3.7734898744207315,0.7075294858035759,0.17359999999999998,4,4,10000,brspeech+bvcc+singmos+tmhintqi,1+2+3+5,0.6943999999999999
all_primary,singleton,inner_search,-0.7158469292298117,-2.9136496337159037,1.4385416522557082,0.6741999999999999,4,4,10000,brspeech+bvcc+singmos+tmhintqi,1+2+3+5,1.0
all_primary,gate,singleton,-0.7897555614693176,-3.296235980443557,1.2865606666736513,0.5793999999999999,4,4,10000,brspeech+bvcc+singmos+tmhintqi,1+2+3+5,1.0
all_primary,shapley,singleton,-1.4293175379946732,-3.2254997657444493,-0.06604417075421362,0.02960000000000007,4,4,10000,brspeech+bvcc+singmos+tmhintqi,1+2+3+5,0.14800000000000035
exclude_brspeechmos,gate,inner_search,0.762706956435892,0.0416373206985777,1.5443792956839368,0.039,3,4,10000,bvcc+singmos+tmhintqi,1+2+3+5,0.156
exclude_brspeechmos,shapley,inner_search,0.6299782583406579,-0.019329382338922618,1.3008313372894356,0.0572,3,4,10000,bvcc+singmos+tmhintqi,1+2+3+5,0.1716
exclude_brspeechmos,singleton,inner_search,0.7825489821073126,0.1396366197663972,1.45602265537386,0.0188,3,4,10000,bvcc+singmos+tmhintqi,1+2+3+5,0.094
exclude_brspeechmos,gate,singleton,-0.01984202567142058,-0.9792502975917714,0.9629073838150015,0.97,3,4,10000,bvcc+singmos+tmhintqi,1+2+3+5,1.0
exclude_brspeechmos,shapley,singleton,-0.15257072376665465,-0.7119000056997756,0.44010409104390275,0.6026,3,4,10000,bvcc+singmos+tmhintqi,1+2+3+5,1.0
exclude_k1,gate,inner_search,-0.9064349059428403,-2.7011690744786163,0.6766114849382739,0.6588,4,3,10000,brspeech+bvcc+singmos+tmhintqi,2+3+5,1.0
exclude_k1,shapley,inner_search,-1.4103002258300195,-4.343171369059977,1.1755897950184233,0.663,4,3,10000,brspeech+bvcc+singmos+tmhintqi,2+3+5,1.0
exclude_k1,singleton,inner_search,-0.9544625723064156,-3.8328134716317455,1.9208982770124368,0.6766000000000001,4,3,10000,brspeech+bvcc+singmos+tmhintqi,2+3+5,1.0
exclude_k1,gate,singleton,0.048027666363575396,-1.5726581880894153,1.3527820483040918,0.9794,4,3,10000,brspeech+bvcc+singmos+tmhintqi,2+3+5,1.0
exclude_k1,shapley,singleton,-0.4558376535236039,-1.1252812453277625,0.06175401204064504,0.08499999999999996,4,3,10000,brspeech+bvcc+singmos+tmhintqi,2+3+5,0.4249999999999998
exclude_brspeechmos_k_ge_2,gate,inner_search,0.5415673387754951,0.06652980615203079,1.0502692090741748,0.0252,3,3,10000,bvcc+singmos+tmhintqi,2+3+5,0.096
exclude_brspeechmos_k_ge_2,shapley,inner_search,0.829774384177355,0.10702594911971641,1.5943647282987226,0.024,3,3,10000,bvcc+singmos+tmhintqi,2+3+5,0.096
exclude_brspeechmos_k_ge_2,singleton,inner_search,1.04339864280975,0.19153602917022947,1.946091358873268,0.0154,3,3,10000,bvcc+singmos+tmhintqi,2+3+5,0.077
exclude_brspeechmos_k_ge_2,gate,singleton,-0.5018313040342549,-1.484801541062637,0.43366538793290865,0.3031999999999999,3,3,10000,bvcc+singmos+tmhintqi,2+3+5,0.6063999999999998
exclude_brspeechmos_k_ge_2,shapley,singleton,-0.21362425863239495,-0.8146070043458847,0.3963858389163952,0.5036,3,3,10000,bvcc+singmos+tmhintqi,2+3+5,0.6063999999999998
leave_out_brspeech,gate,inner_search,0.762706956435892,0.02466725477488534,1.5545918448307292,0.0414,3,4,10000,bvcc+singmos+tmhintqi,1+2+3+5,0.1656
leave_out_brspeech,shapley,inner_search,0.6299782583406579,-0.022710840295879914,1.308795044337843,0.0578,3,4,10000,bvcc+singmos+tmhintqi,1+2+3+5,0.1734
leave_out_brspeech,singleton,inner_search,0.7825489821073126,0.1358889714312928,1.4547171040275748,0.0184,3,4,10000,bvcc+singmos+tmhintqi,1+2+3+5,0.092
leave_out_brspeech,gate,singleton,-0.01984202567142058,-0.9872859197434695,0.9388334437803979,0.9576,3,4,10000,bvcc+singmos+tmhintqi,1+2+3+5,1.0
leave_out_brspeech,shapley,singleton,-0.15257072376665465,-0.7179031184704256,0.4214663437671948,0.5946,3,4,10000,bvcc+singmos+tmhintqi,1+2+3+5,1.0
leave_out_bvcc,gate,inner_search,-2.1857154177103575,-3.9297381753461496,0.8186031216339129,0.1763999999999999,3,4,10000,brspeech+singmos+tmhintqi,1+2+3+5,0.5291999999999997
leave_out_bvcc,shapley,inner_search,-3.4872078081258544,-5.5681907942649715,0.2867189133380923,0.12359999999999993,3,4,10000,brspeech+singmos+tmhintqi,1+2+3+5,0.49439999999999973
leave_out_bvcc,singleton,inner_search,-1.6182596637232312,-4.422115505885362,1.1474440728792892,0.6792,3,4,10000,brspeech+singmos+tmhintqi,1+2+3+5,1.0
leave_out_bvcc,gate,singleton,-0.5674557539871262,-3.865588545595322,2.108399080886827,0.7487999999999999,3,4,10000,brspeech+singmos+tmhintqi,1+2+3+5,1.0
leave_out_bvcc,shapley,singleton,-1.868948144402623,-4.216229349598382,-0.1146726204629005,0.023400000000000087,3,4,10000,brspeech+singmos+tmhintqi,1+2+3+5,0.11700000000000044
leave_out_singmos,gate,inner_search,-2.4321593261866297,-4.056772911168165,0.4290690753239921,0.1763999999999999,3,4,10000,brspeech+bvcc+tmhintqi,1+2+3+5,0.7055999999999996
leave_out_singmos,shapley,inner_search,-2.9295967042016513,-5.046039953602641,0.8491033205511567,0.1763999999999999,3,4,10000,brspeech+bvcc+tmhintqi,1+2+3+5,0.7055999999999996
leave_out_singmos,singleton,inner_search,-1.110781743856598,-4.026145070723817,1.7440733306488772,0.6696,3,4,10000,brspeech+bvcc+tmhintqi,1+2+3+5,0.9236
leave_out_singmos,gate,singleton,-1.3213775823300316,-4.560444858784696,1.3077731748459556,0.4618,3,4,10000,brspeech+bvcc+tmhintqi,1+2+3+5,0.9236
leave_out_singmos,shapley,singleton,-1.8188149603450534,-4.175167021552696,-0.14198205040248393,0.009800000000000031,3,4,10000,brspeech+bvcc+tmhintqi,1+2+3+5,0.049000000000000155
leave_out_tmhintqi,gate,inner_search,-2.167242175335422,-3.923593815205578,0.8207163021023389,0.1681999999999999,3,4,10000,brspeech+bvcc+singmos,1+2+3+5,0.6727999999999996
leave_out_tmhintqi,shapley,inner_search,-2.7938316149110927,-4.93923676146398,0.9902642312205855,0.1734,3,4,10000,brspeech+bvcc+singmos,1+2+3+5,0.6727999999999996
leave_out_tmhintqi,singleton,inner_search,-0.9168952914467307,-3.815061225827563,1.9461176585806619,0.6716,3,4,10000,brspeech+bvcc+singmos,1+2+3+5,0.9611999999999998
leave_out_tmhintqi,gate,singleton,-1.2503468838886913,-4.599098512721047,1.5323832391284926,0.4805999999999999,3,4,10000,brspeech+bvcc+singmos,1+2+3+5,0.9611999999999998
leave_out_tmhintqi,shapley,singleton,-1.8769363234643621,-4.2707018623817135,-0.06712310842139707,0.0351999999999999,3,4,10000,brspeech+bvcc+singmos,1+2+3+5,0.1759999999999995
